"Id","Name","Full Name","Title","Alias","Allegiance","Royal House","Culture"
"Addam-Marbrand","Addam Marbrand","","Ser;Commander of the City Watch;","","House Marbrand;","",""
"Aegon-Frey-(son-of-Stevron)","Aegon Frey (son of Stevron)","","","Aegon Frey (son of Stevron);Jinglebell;","House Frey;","",""
"Aegon-Frey-(son-of-Aenys)","Aegon Frey (son of Aenys)","","","Aegon Frey (son of Aenys);Aegon Bloodborn;","House Frey;","",""
"Aegon-I-Targaryen","Aegon I Targaryen","Aegon Targaryen the First of His Name","","Aegon I Targaryen;Aegon the Conqueror;Aegon the Dragon;Aegon the Dragonlord","House Targaryen","House Targaryen",""
"Aegon-IV-Targaryen","Aegon IV Targaryen","Aegon Targaryen the Fourth of His Name","","Aegon IV Targaryen;Aegon the Unworthy","House Targaryen","House Targaryen",""
"Aegon-V-Targaryen","Aegon V Targaryen","Aegon Targaryen the Fifth of His Name","","Aegon V Targaryen;Aegon the Unlikely;Aegon the Fortunate;Egg;The Prince Who Was An Egg","House Targaryen","House Targaryen",""
"Aegon-Targaryen-(son-of-Rhaegar)","Aegon Targaryen (son of Rhaegar)","","","Aegon Targaryen (son of Rhaegar);Young Griff","House Targaryen","","Valyrian"
"Aemon-Estermont","Aemon Estermont","","Ser","","House Estermont","","Stormlands"
"Aemon-Rivers","Aemon Rivers","","Ser","","House Frey","",""
"Aemon-Targaryen-(Dragonknight)","Aemon Targaryen (Dragonknight)","","Prince;Ser;Lord Commander of the Kingsguard","Aemon Targaryen (Dragonknight);The Dragonknight;The Knight of Tears","House Targaryen;Kingsguard","","Valyrian"
"Aemon-Targaryen-(Maester-Aemon)","Aemon Targaryen (Maester Aemon)","","Maester","Aemon Targaryen (Maester Aemon);Aemon Targaryen;Maester Aemon;Uncle Maester","Night's Watch","","Valyrian"
"Aenys-Frey","Aenys Frey","","Ser","","House Frey","",""
"Aerion-Targaryen","Aerion Targaryen","","Prince","Aerion Targaryen;Aerion Brightflame;Aerion Brightfire;Aerion the Monstrous;The Bright Prince;The Prince Who Thought He Was a Dragon","House Targaryen;Second Sons","","Valyrian"
"Aeron-Greyjoy","Aeron Greyjoy","","Priest of the Drowned God;Captain of the Golden Storm (formerly)","Aeron Greyjoy;The Damphair;Aeron Damphair","House Greyjoy;Drowned men","","Ironmen"
"Aerys-II-Targaryen","Aerys II Targaryen","Aerys Targaryen the Second of His Name","","Aerys II Targaryen;The Mad King;King Scab","House Targaryen","House Targaryen",""
"Aggar","Aggar","","","","House Greyjoy","",""
"Aggo","Aggo","","Ko Bloodrider of Daenerys Targaryen","","House Targaryen","","Dothraki"
"Aladale-Wynch","Aladale Wynch","","Ser","","House Wynch;Night's Watch","","Ironborn"
"Alan","Alan","","","","Night's Watch","",""
"Alannys-Harlaw","Alannys Harlaw","","Queen of the Iron Islands","Alannys Harlaw;Lanny","House Greyjoy;House Harlaw","","Ironborn"
"Alayaya","Alayaya","","","Alayaya;'Yaya","Chataya's brothel","",""
"Albar-Royce","Albar Royce","","Ser","","House Royce of the Gates of the Moon","",""
"Albett","Albett","","","Albett;Pimple","Night's Watch","",""
"Alebelly","Alebelly","","","","House Stark","","Northmen"
"Alekyne-Florent","Alekyne Florent","","Lord of Brightwater (attainted)","","House Florent","",""
"Alerie-Hightower","Alerie Hightower","","Lady of Highgarden","","House Hightower;House Tyrell","",""
"Alesander-Frey","Alesander Frey","","","","House Frey","",""
"Alesander-Staedmon","Alesander Staedmon","","Lord of Broad Arch","Alesander Staedmon;the Pennylover","House Staedmon","",""
"Alester-Florent","Alester Florent","","Lord of Brightwater;Hand of the King","","House Florent","",""
"Alester-Norcross","Alester Norcross","","","","House Norcross","",""
"Alfyn","Alfyn","","","Alfyn;Alfyn Crowkiller","","","Free Folk"
"All-for-Joffrey","All-for-Joffrey","","","","","",""
"Allar-Deem","Allar Deem","","","","City Watch of King's Landing","",""
"Allard-Seaworth","Allard Seaworth","","Captain of the Lady Marya","","House Seaworth","",""
"Alliser-Thorne","Alliser Thorne","","Ser","","House Thorne;Night's Watch","",""
"Alyn","Alyn","","","","House Stark","",""
"Alyn-Ambrose","Alyn Ambrose","","","","House Ambrose","",""
"Alyn-Estermont","Alyn Estermont","","Ser","","House Estermont","","Stormlands"
"Alyn-Frey","Alyn Frey","","","","House Frey","",""
"Alyn-Haigh","Alyn Haigh","","","","House Haigh","",""
"Alyn-Stackspear","Alyn Stackspear","","Ser","","House Stackspear","",""
"Alys-Frey","Alys Frey","","","","House Frey","",""
"Alyssa-Blackwood","Alyssa Blackwood","","Lady","","House Blackwood;House Frey","",""
"Alyx-Frey","Alyx Frey","","","","House Frey","",""
"Amabel","Amabel","","","","House Whent","",""
"Amarei-Crakehall","Amarei Crakehall","","","","House Crakehall;House Frey","",""
"Ambrode","Ambrode","","","","","","Ironborn"
"Amerei-Frey","Amerei Frey","","Lady of Darry","Amerei Frey;Gatehouse Ami","House Frey;House Lannister of Darry","",""
"Amory-Lorch","Amory Lorch","","Ser;Castellan of Harrenhal","Amory Lorch;The Manticore","House Lorch;House Lannister","",""
"Andar-Royce","Andar Royce","","Ser","","House Royce","","Valemen"
"Andrew-Estermont","Andrew Estermont","","Ser","","House Estermont;King's men","",""
"Andrey-Charlton","Andrey Charlton","","Ser","","House Charlton","",""
"Andrik","Andrik","","Lord of Southshield","Andrik;Andrik the Unsmiling","House Drumm","","Ironborn"
"Androw-Frey","Androw Frey","","","","House Frey","",""
"Annara-Farring","Annara Farring","","Lady","","House Farring;House Frey","",""
"Antario-Jast","Antario Jast","","Lord","","House Jast","",""
"Anya-Waynwood","Anya Waynwood","","Lady of Ironoaks","","House Waynwood;Lords Declarant","",""
"Ardrian-Celtigar","Ardrian Celtigar","","Lord of Claw Isle","Ardrian Celtigar;the Red Crab","House Celtigar","",""
"Areo-Hotah","Areo Hotah","","Captain of the Guard at Sunspear","","House Martell","","Norvos"
"Arianne-Martell","Arianne Martell","","Princess","","House Martell","","Dornishmen"
"Arneld","Arneld","","Ser","","","",""
"Arnell","Arnell","","Ser","","Night's Watch","",""
"Aron-Santagar","Aron Santagar","","Ser;Master-at-arms of the Red Keep","","House Santagar;House Baratheon of King's Landing","","Dornish"
"Arryk-Cargyll","Arryk Cargyll","","Ser","","House Cargyll;Kingsguard;Greens","",""
"Arthur-Dayne","Arthur Dayne","","Ser;Sword of the Morning","","House Dayne;Kingsguard","","Dornishmen"
"Artos-Stark","Artos Stark","","","Artos Stark;Artos the Implacable","House Stark","","Northmen"
"Arwood-Frey","Arwood Frey","","Ser","","House Frey","",""
"Arwyn-Frey","Arwyn Frey","","","","House Frey","",""
"Arwyn-Oakheart","Arwyn Oakheart","","Lady of Old Oak","","House Oakheart","",""
"Arya-Stark","Arya Stark","","Princess","Arya Stark;Arya Horseface;Arya Underfoot;Arry;Lumpyface/Lumpyhead;Stickboy;Weasel;Nymeria/Nan;Squab;Salty;Cat of the Canals;Beth;The Blind Girl;The Ugly Little Girl;Mercedene/Mercy","House Stark;Faceless Men","","Northmen"
"Arys-Oakheart","Arys Oakheart","","Ser","","House Oakheart;Kingsguard","","Reach"
"Asha-Greyjoy","Asha Greyjoy","","Princess;Captain of the Black Wind;Conqueror of Deepwood Motte","Asha Greyjoy;Esgred;The Kraken's Daughter","House Greyjoy;House Ironmaker (forced marriage)","","Ironborn"
"Ashara-Dayne","Ashara Dayne","","","","House Dayne","","Dornishmen"
"Aurane-Waters","Aurane Waters","","Grand admiral (master of ships)Lord of the Waters;","Aurane Waters;Bastard of Driftmark;Lord Waters;","House Velaryon","","Valyrian"
"Axell-Florent","Axell Florent","","Ser;Castellan of Dragonstone (formerly)Hand of the Queen (self-styled)","","House Florent;Queen's men","",""
"Azor-Ahai","Azor Ahai","","","Azor Ahai;Warrior of Light;Son of Fire;Warrior of Fire;Hyrkoon the Hero;Yin Tar;Neferion;Eldric Shadowchaser","","","Asshai"
"Bael-the-Bard","Bael the Bard","","King-Beyond-the-Wall","Bael the Bard;Bael the Bard;Sygerrik of Skagos","","","Free folk"
"Baelor-Blacktyde","Baelor Blacktyde","","Lord of Blacktyde;Captain of the Nightflyer","","House Blacktyde","","Ironborn"
"Ballabar","Ballabar","","Maester","","House Redwyne","",""
"Balon-Greyjoy","Balon Greyjoy","Balon Greyjoy, the Ninth of His Name Since the Grey King","","Balon Greyjoy;Balon the Brave;Balon the Blessed;Balon the Twice Crowned;Balon the Widowmaker;The Kraken King","House Greyjoy","House Greyjoy",""
"Balon-Swann","Balon Swann","","Ser","","House Swann;Kingsguard","","Stormlander"
"Bandy","Bandy","","","","House Stark","","Northmen"
"Bannen","Bannen","","","","Night's Watch","",""
"Barra","Barra","","","","House Baratheon","",""
"Barre","Barre","","Septon","","","",""
"Barristan-Selmy","Barristan Selmy","","Ser;Lord Commander of the Kingsguard (former)Hand of the Queen","Barristan Selmy;Barristan the Bold;Arstan Whitebeard;Ser Grandfather;Barristan the Old;Old Ser","House Selmy;House Targaryen;Kingsguard;Queensguard","","Westeros"
"Barth-(brewer)","Barth (brewer)","","","","House Stark","",""
"Barthogan-Stark","Barthogan Stark","","Lord of Winterfell;Warden of the North","Barthogan Stark;Barth Blacksword","House Stark","","Northmen"
"Bedwyck","Bedwyck","","","Bedwyck;Giant","Night's Watch","",""
"Bellena-Hawick","Bellena Hawick","","","","House Hawick;House Frey","",""
"Belwas","Belwas","","","Belwas;Strong Belwas;Belwas the Strong","House Targaryen;Queensguard;Ruling council of Meereen","","Meereenese"
"Ben-Blackthumb","Ben Blackthumb","","","Ben Blackthumb;Ben Blackthumb","House Whent;House Lannister","",""
"Benedict-Broom","Benedict Broom","","Ser;Master-at-arms at Casterly Rock","","House Broom;House Lannister","",""
"Benfred-Tallhart","Benfred Tallhart","","","","House Tallhart","","Northmen"
"Benfrey-Frey","Benfrey Frey","","Ser","","House Frey","",""
"Benjen-Stark","Benjen Stark","","First Ranger","Benjen Stark;The Wolf Pup;Ben Stark","House Stark;Night's Watch","","Northmen"
"Benjen-Stark-(Bitter)","Benjen Stark (Bitter)","Benjen Stark","","Benjen Stark (Bitter);Benjen the Bitter","House Stark","House Stark","Northmen"
"Benjen-Stark-(Sweet)","Benjen Stark (Sweet)","Benjen Stark","","Benjen Stark (Sweet);Benjen the Sweet","House Stark","House Stark","Northmen"
"Beren-Tallhart","Beren Tallhart","","","","House Tallhart","","Northmen"
"Berena-Hornwood","Berena Hornwood","","","","House Hornwood;House Tallhart","","Northmen"
"Beric-Dondarrion","Beric Dondarrion","","Lord of Blackhaven","Beric Dondarrion;The Lightning Lord;The Lord of Corpses;Lord Derik","House Dondarrion Brotherhood without banners","",""
"Beron-Stark","Beron Stark","","Lord of Winterfell;Warden of the North","","House Stark","","Northmen"
"Beth-Cassel","Beth Cassel","","","","House Cassel","","Northmen"
"Bethany-Rosby","Bethany Rosby","","Lady","","House Rosby;House Frey","",""
"Betharios-of-Braavos","Betharios of Braavos","","","Betharios of Braavos;Betharios of Braavos","House Frey","",""
"Biter","Biter","","","Biter;Biter by Amok&copy;","Brave Companions","",""
"Blane","Blane","","","","Night's Watch","",""
"Bluetooth","Bluetooth","","","","House Greyjoy","","Ironborn"
"Bonifer-Hasty","Bonifer Hasty","","Ser;Castellan of Harrenhal","Bonifer Hasty;Bonifer the Good;Baelor Butthole","House Hasty;The Holy Hundred","",""
"Boros-Blount","Boros Blount","","Ser","Boros Blount;Boros the Belly","House Blount;Kingsguard","",""
"Bowen-Marsh","Bowen Marsh","","Lord Steward;First Steward","Bowen Marsh;Old Pomegranate","Night's Watch","",""
"Bradamar-Frey","Bradamar Frey","","","","House Frey","",""
"Brandon-Stark","Brandon Stark","","","Brandon Stark;The Wild Wolf","House Stark","","Northmen"
"Brandon-Stark-(son-of-Cregan)","Brandon Stark (son of Cregan)","","Lord of Winterfell;Warden of the North","","House Stark","","Northmen"
"Bran-Stark","Bran Stark","","Prince of Winterfell;","Bran Stark;Bran;Bran the Broken;The Winged Wolf","House Stark","","Northmen"
"Bran-the-Builder","Bran the Builder","","King of Winter","Bran the Builder;Bran the Builder","House Stark","","First Men"
"Brandon-Stark-(Bad)","Brandon Stark (Bad)","","King in the North;Lord of Winterfell","Brandon Stark (Bad);Brandon the Bad","House Stark","","Northmen"
"Brandon-Stark-(Burner)","Brandon Stark (Burner)","Brandon Stark","","Brandon Stark (Burner);Brandon the Burner","House Stark","House Stark","Northmen"
"Brandon-Stark-(the-daughterless)","Brandon Stark (the daughterless)","","Lord of Winterfell;Warden of the North","","House Stark","","Northmen"
"Brandon-Stark-(Shipwright)","Brandon Stark (Shipwright)","Brandon Stark","","Brandon Stark (Shipwright);Brandon the Shipwright","House Stark","House Stark","Northmen"
"Brandon-Tallhart","Brandon Tallhart","","","","House Tallhart","","Northmen"
"Brienne-of-Tarth","Brienne of Tarth","","","Brienne of Tarth;Brienne of Tarth;The Maid of Tarth;Brienne the Beauty;Brienne the Blue","House Tarth;House Baratheon of Storm's End;Rainbow Guard;House Tully","",""
"Bronn","Bronn","","Ser","Bronn;Ser Bronn of the Blackwater;Lord Stokeworth","House Stokeworth","",""
"Brown-Bernarr","Brown Bernarr","","","","Night's Watch","",""
"Bryan-Frey","Bryan Frey","","","","House Frey","",""
"Bryan-Fossoway","Bryan Fossoway","","Ser","","House Fossoway of Cider Hall","",""
"Bryce-Caron","Bryce Caron","","Lord of Nightsong;Lord of the Marches","Bryce Caron;Bryce the Orange","House Caron;Rainbow Guard (former)House Baratheon of Dragonstone","",""
"Bryen-Farring","Bryen Farring","","","","House Farring","",""
"Brynden-Tully","Brynden Tully","","Ser;Warden of the Southern Marches;Knight of the Gate (formerly)","Brynden Tully;Blackfish;Ser Brynden the Blackfish;Brynden Blackfish","House Tully;House Arryn (formerly)","","Rivermen"
"Burton-Crakehall","Burton Crakehall","","Ser","","House Crakehall","",""
"Butterbumps","Butterbumps","","","Butterbumps;Butterbumps","House Tyrell","",""
"Cadwyl","Cadwyl","","","","House Greyjoy","","Ironborn"
"Cadwyn","Cadwyn","","Ser","","House Lannister","",""
"Caleotte","Caleotte","","Maester","","House Martell","",""
"Calon","Calon","","","","House Stark","","Northmen"
"Carolei-Waynwood","Carolei Waynwood","","","","House Waynwood;House Frey","",""
"Cassana-Estermont","Cassana Estermont","","","","House Estermont;House Baratheon","",""
"Catelyn-Stark","Catelyn Stark","","Lady of Winterfell","Catelyn Stark;Catelyn Tully;Cat;Lady Stoneheart;The Silent Sister;Mother Merciless;The Hangwoman","House Tully;House Stark;Brotherhood without banners","","Rivermen"
"Cayn","Cayn","","","","House Stark","","Northmen"
"Cerenna-Lannister","Cerenna Lannister","","","","House Lannister","",""
"Cersei-Frey","Cersei Frey","","","Cersei Frey;the Little Bee","House Frey","",""
"Cersei-Lannister","Cersei Lannister","","Light of the West;Queen Dowager;Protector of the Realm;Lady of Casterly Rock;Queen Regent","","House Lannister","","Westerlands"
"Chataya","Chataya","","","","Chataya's brothel","","Summer Isles"
"Chayle","Chayle","","Septon","","","",""
"Chella","Chella","","","","Black Ears","","Vale mountain clans"
"Chett","Chett","","","","Night's Watch","",""
"Cheyk","Cheyk","","","","Black Ears","",""
"Chiswyck","Chiswyck","","","","House Clegane","",""
"Cleos-Frey","Cleos Frey","","Ser","","House Frey;House Lannister","",""
"Cley-Cerwyn","Cley Cerwyn","","Lord of Cerwyn","","House Cerwyn","","Northmen"
"Clydas","Clydas","","","","Night's Watch","",""
"Colemon","Colemon","","Maester","","House Arryn","",""
"Colen-of-Greenpools","Colen of Greenpools","","Ser","","House Baratheon","",""
"Colin-Florent","Colin Florent","","Ser;Castellan of Brightwater Keep","","House Florent","",""
"Colmar-Frey","Colmar Frey","","","","House Frey","",""
"Conwy","Conwy","","","","Night's Watch","",""
"Cortnay-Penrose","Cortnay Penrose","","Ser;Castellan of Storm's End","","House Penrose","",""
"Cotter-Pyke","Cotter Pyke","","Commander of Eastwatch-by-the-Sea","","Night's Watch","","Ironborn"
"Craster","Craster","","","","","","Free Folk"
"Crawn","Crawn","","","","Moon Brothers","","Vale mountain clans"
"Cregan-Stark","Cregan Stark","","Lord of Winterfell;Warden of the North;Hand of the King","Cregan Stark;The Old Man of the North","House Stark;Blacks","","Northmen"
"Cressen","Cressen","","Maester","","","",""
"Cuger","Cuger","","","","Night's Watch","",""
"Cutjack","Cutjack","","","","","",""
"Cynthea-Frey","Cynthea Frey","","","","House Frey","",""
"Dacey-Mormont","Dacey Mormont","","","","House Mormont","","Northmen"
"Daenerys-Targaryen","Daenerys Targaryen","Daenerys Targaryen the First of Her Name","","Daenerys Targaryen;Dany;Daenerys Stormborn;The Unburnt;Mother of Dragons;Mhysa (mother)The Silver Queen;Silver Lady;Dragonmother;The Dragon Queen;","House Targaryen","House Targaryen","Valyrian"
"Daeron-II-Targaryen","Daeron II Targaryen","Daeron Targaryen the Second of His Name","","Daeron II Targaryen;Daeron the Good;Daeron the Falseborn","House Targaryen","House Targaryen",""
"Daeron-Targaryen-(son-of-Maekar-I)","Daeron Targaryen (son of Maekar I)","","Prince of Dragonstone;Prince of Summerhall","Daeron Targaryen (son of Maekar I);Daeron the Drunken","House Targaryen","",""
"Dafyn-Vance","Dafyn Vance","","Ser","","House Vance","",""
"Dagmer","Dagmer","","Captain of Foamdrinker","Dagmer;Dagmer Cleftjaw","House Greyjoy","","Ironborn"
"Dalbridge","Dalbridge","","","Dalbridge;Squire Dalbridge","Night's Watch","",""
"Dale-Seaworth","Dale Seaworth","","Captain of the Wraith","","House Seaworth","",""
"Dalla-(Dragonstone)","Dalla (Dragonstone)","","","","House Baratheon of Dragonstone","",""
"Damon-Paege","Damon Paege","","Ser","","House Paege","",""
"Damon-Vypren","Damon Vypren","","Ser","","House Vypren","",""
"Dancy","Dancy","","","","Chataya's brothel","",""
"Danwell-Frey","Danwell Frey","","Ser","","House Frey","",""
"Dareon","Dareon","","","Dareon;The Black Singer Lover ;","Night's Watch","",""
"Darlessa-Marbrand","Darlessa Marbrand","","","","House Marbrand;House Lannister","",""
"Daryn-Hornwood","Daryn Hornwood","","","","House Hornwood","","Northmen"
"Daven-Lannister","Daven Lannister","","Ser;Warden of the West","","House Lannister","","Westerman"
"Davos-Seaworth","Davos Seaworth","","Ser;Lord of the Rainwood;Admiral of the Narrow Sea;Hand of the King;","Davos Seaworth;Onion Knight;Davos Shorthand;The Knight of Onions;Ser Onions;Onion Lord;Smuggler","House Seaworth;House Baratheon of Dragonstone","","Westeros"
"Deana-Hardyng","Deana Hardyng","","","","House Hardyng;House Frey","",""
"Delena-Florent","Delena Florent","","","","House Florent;House Norcross","",""
"Della-Frey","Della Frey","","","Della Frey;Deaf Della","House Frey","",""
"Delp","Delp","","","","House Tully","",""
"Denys-Mallister","Denys Mallister","","Ser","","House Mallister;Night's Watch","",""
"Dermot","Dermot","","Ser","Dermot;Dermot of the Rainwood","House Baratheon of Dragonstone;House Baratheon of King's Landing","",""
"Desmond","Desmond","","","","House Stark","",""
"Desmond-Grell","Desmond Grell","","Ser","","House Grell;Night's Watch","",""
"Devan-Seaworth","Devan Seaworth","","","","House Seaworth;House Baratheon of Dragonstone","",""
"Dickon-Frey","Dickon Frey","","","","House Frey","",""
"Dobber","Dobber","","","","","",""
"Dolf","Dolf","","","","Stone Crows","","Vale mountain clans"
"Domeric-Bolton","Domeric Bolton","","","","House Bolton","","Northmen"
"Donal-Noye","Donal Noye","","","","House Baratheon;Night's Watch","",""
"Donella-Hornwood","Donella Hornwood","","Lady of Hornwood","","House Manderly;House Hornwood","","Northmen"
"Donnel-Haigh","Donnel Haigh","","Ser","","House Haigh","",""
"Donnel-Locke","Donnel Locke","","Ser","","House Locke","",""
"Donnel-Waynwood","Donnel Waynwood","","Ser;Knight of the Gate","","House Waynwood","",""
"Donnor-Stark","Donnor Stark","","Lord of Winterfell;Warden of the North","","House Stark","","Northmen"
"Dontos-Hollard","Dontos Hollard","","Ser","Dontos Hollard;Dontos the Red;Dontos the Drunk;Florian","House Hollard","",""
"Doran-Martell","Doran Martell","","Prince of Dorne;Lord of Sunspear","","House Nymeros Martell","","Dornish"
"Doreah","Doreah","","","","House Targaryen","","Lysene"
"Dorren-Stark","Dorren Stark","Dorren Stark","","","House Stark","House Stark","Northmen"
"Drennan","Drennan","","","","House Greyjoy","","Ironborn"
"Drogo","Drogo","","Khal","Drogo;Great Rider;Great Khal","","","Dothraki"
"Dunaver","Dunaver","","Ser","","House Lannister","",""
"Dunsen","Dunsen","","","","House Clegane","",""
"Dunstan-Drumm","Dunstan Drumm","","Lord of Old Wyk;Captain of the Thunderer","Dunstan Drumm;The Drumm;The Bone Hand","House Drumm","","Ironborn"
"Duram-Bar-Emmon","Duram Bar Emmon","","Lord of Sharp Point","","House Bar Emmon","",""
"Durran","Durran","Durran","","Durran;Durran Godsgrief;The Godsgrief;King of a Thousand Years","House Durrandon","House Durrandon","First Men"
"Dykk-Harlaw","Dykk Harlaw","","","","House Harlaw","",""
"Dywen","Dywen","","","","Night's Watch","",""
"Ebben","Ebben","","","","Night's Watch","",""
"Eddara-Tallhart","Eddara Tallhart","","Lady of Torrhen's Square","","House Tallhart","","Northmen"
"Eddard-Karstark","Eddard Karstark","","","Eddard Karstark;Edd","House Karstark","","Northmen"
"Eddard-Stark","Eddard Stark","","Lord of Winterfell;Warden of the North;Hand of the King;Protector of the Realm;Regent","Eddard Stark;Ned;The Ned;The Quiet Wolf","House Stark","","Northmen"
"Edderion-Stark","Edderion Stark","","King in the North;Lord of Winterfell","Edderion Stark;Ederrion the Bridegroom","House Stark","","Northmen"
"Eddison-Tollett","Eddison Tollett","","","Eddison Tollett;Dolorous Edd","House Tollett;Night's Watch","","Valemen"
"Edmure-Tully","Edmure Tully","","Ser;Lord Paramount of the Trident (lost to Petyr Baelish)Lord of Riverrun (lost to Emmon Frey)","","House Tully","","Rivermen"
"Edric-Dayne","Edric Dayne","","Lord of Starfall","Edric Dayne;Ned","House Dayne;Brotherhood without banners","","Dornishmen"
"Edric-Storm","Edric Storm","","","","House Baratheon","",""
"Edrick-Stark","Edrick Stark","","King in the North;Lord of Winterfell","Edrick Stark;Edrick Snowbeard","House Stark","","Northmen"
"Edwyd-Fossoway","Edwyd Fossoway","","Ser","","House Fossoway of Cider Hall","",""
"Edwyle-Stark","Edwyle Stark","","Lord of Winterfell;Warden of the North","","House Stark","","Northmen"
"Edwyn-Frey","Edwyn Frey","","","","House Frey","",""
"Edwyn-Stark","Edwyn Stark","","King in the North;Lord of Winterfell","Edwyn Stark;The Spring King","House Stark","","Northmen"
"Eggon","Eggon","","","","House Clegane","",""
"Egon-Emeros","Egon Emeros","","","Egon Emeros;Egon Emeros the Exquisite","Pureborn","","Qartheen"
"Elbert-Arryn","Elbert Arryn","","Ser","","House Arryn","",""
"Eldiss","Eldiss","","","","","","Ironborn"
"Eldon-Estermont","Eldon Estermont","","Ser;Lord of Greenstone;","","House Estermont","","Stormlands"
"Elia-Martell","Elia Martell","","Princess","Elia Martell;Elia of Dorne","House Martell;House Targaryen","",""
"Elmar-Frey","Elmar Frey","","","","House Frey","",""
"Elron","Elron","","","","Night's Watch","",""
"Elwood-Meadows","Elwood Meadows","","Lord of Grassy Vale","","House Meadows;House Baratheon of Dragonstone","","Reach"
"Elyana-Vypren","Elyana Vypren","","","","House Vypren;House Wylde","",""
"Elyas-Willum","Elyas Willum","","","","House Willum","",""
"Emberlei-Frey","Emberlei Frey","","","","House Frey","",""
"Emmon-Cuy","Emmon Cuy","","Ser","Emmon Cuy;Emmon the Yellow","House Cuy;Rainbow Guard","",""
"Emmon-Frey","Emmon Frey","","Lord of Riverrun","Emmon Frey;Emm","House Frey of Riverrun;House Lannister","",""
"Endehar","Endehar","","","","","",""
"Endrew-Tarth","Endrew Tarth","","Ser","","House Tarth;Night's Watch","",""
"Enger","Enger","","","","House Tully","",""
"Eon-Hunter","Eon Hunter","","Lord of Longbow Hall","Eon Hunter;Old Lord Hunter","House Hunter","",""
"Erena-Glover","Erena Glover","","","","House Glover","","Northmen"
"Ermesande-Hayford","Ermesande Hayford","","Lady of Hayford","","House Hayford;House Lannister","",""
"Eroeh","Eroeh","","","","","","Lhazareen"
"Erren-Florent","Erren Florent","","Ser","","House Florent","",""
"Erryk-Cargyll","Erryk Cargyll","","Ser","","House Cargyll;Kingsguard;Queensguard;Blacks","",""
"Esgred","Esgred","","","","","",""
"Ethan-Glover","Ethan Glover","","","","House Glover","","Northmen"
"Euron-Greyjoy","Euron Greyjoy","Euron Greyjoy, the Third of His Name Since the Grey King","","Euron Greyjoy;Crow's Eye;Euron Crow's Eye","House Greyjoy","House Greyjoy","Ironborn"
"Eyron-Stark","Eyron Stark","","King in the North;Lord of Winterfell","","House Stark","","Northmen"
"Falyse-Stokeworth","Falyse Stokeworth","","","","House Stokeworth;House Byrch","",""
"Farlen","Farlen","","","","House Stark","",""
"Flement-Brax","Flement Brax","","Ser","","House Brax","",""
"Forley-Prester","Forley Prester","","Ser","","House Prester","",""
"Frenken","Frenken","","Maester","","","",""
"Gage","Gage","","","","House Stark","",""
"Galbart-Glover","Galbart Glover","","Master of Deepwood Motte","","House Glover","","Northmen"
"Galt","Galt","","","","Stone Crows","","Vale mountain clans"
"Gared","Gared","","","","Night's Watch; (formerly);","",""
"Gariss","Gariss","","","","House Stark","",""
"Garlan-Tyrell","Garlan Tyrell","","Ser;Lord of Brightwater Keep","Garlan Tyrell;Garlan the Gallant;Renly's ghost;Lord Renly's shade","House Tyrell of Brightwater Keep","",""
"Garrett-Flowers","Garrett Flowers","","","","House Tyrell","",""
"Garse-Flowers","Garse Flowers","","","","House Tyrell","",""
"Garse-Goodbrook","Garse Goodbrook","","Ser","","House Goodbrook","",""
"Garth-Tyrell","Garth Tyrell","","Lord Seneschal","Garth Tyrell;Garth the Gross","House Tyrell","",""
"Gawen-Glover","Gawen Glover","","","","House Glover","","Northmen"
"Gawen-Westerling","Gawen Westerling","","Lord of the Crag","","House Westerling","","Westermen"
"Gawen-Wylde","Gawen Wylde","","Ser;Master-at-arms at Storm's End","","House Wylde","",""
"Gelmarr","Gelmarr","","","Gelmarr;The Grim","House Greyjoy","",""
"Gendel","Gendel","","King-Beyond-the-Wall","","","","Free Folk"
"Gendry","Gendry","","Ser","Gendry;The Bull;Ser Gendry of the hollow hill","brotherhood without banners","",""
"Genna-Lannister","Genna Lannister","","Lady","","House Lannister House Frey of Riverrun","",""
"Gerion-Lannister","Gerion Lannister","","","Gerion Lannister;Gery","House Lannister","",""
"Gerold-Hightower","Gerold Hightower","","Ser;Lord Commander of the Kingsguard","Gerold Hightower;The White Bull","House Hightower;Kingsguard","","Reachmen"
"Gerren","Gerren","","","","","",""
"Gevin-Harlaw","Gevin Harlaw","","","","House Harlaw","","Ironborn"
"Gilly","Gilly","","","Gilly;the rabbit keeper ;","","","Free Folk"
"Gormon-Tyrell","Gormon Tyrell","","Maester","Gormon Tyrell;Maester Gormon","The Citadel","",""
"Gorne","Gorne","","King-Beyond-the-Wall","","","","Free Folk"
"Gorold-Goodbrother","Gorold Goodbrother","","Lord of Hammerhorn","","House Goodbrother","","Ironborn"
"Gregor-Clegane","Gregor Clegane","","Ser;Knight of Clegane's Keep","Gregor Clegane;The Mountain That Rides;The Mountain;The Great Dog;The Enormity That Rides","House Clegane;House Lannister","",""
"Grenn","Grenn","","","Grenn;Aurochs","Night's Watch","","Westeros"
"Gueren","Gueren","","","","Night's Watch","",""
"Gulian-Swann","Gulian Swann","","Lord of Stonehelm","","House Swann","",""
"Guncer-Sunglass","Guncer Sunglass","","Lord of Sweetport Sound","","House Sunglass","",""
"Guyard-Morrigen","Guyard Morrigen","","Ser","Guyard Morrigen;Guyard the Green","House Morrigen;Rainbow Guard","",""
"Gyles-Rosby","Gyles Rosby","","Lord of Rosby;Lord Treasurer;Master of Coin","Gyles Rosby;The Cougher","House Rosby","",""
"Gynir","Gynir","","","Gynir;Gynir Rednose  Rednose","House Greyjoy","",""
"Hake","Hake","","","","Night's Watch","",""
"Halder","Halder","","","Halder;Stone Head ; ;","Night's Watch","",""
"Hallis-Mollen","Hallis Mollen","","Captain of the guards for Winterfell","Hallis Mollen;Hal","House Mollen;House Stark","","Northmen"
"Hallyne","Hallyne","","Lord;Wisdom","Hallyne;Hallyne the Pryomancer","Alchemists' Guild","",""
"Halmon-Paege","Halmon Paege","","Ser","","House Paege","",""
"Halys-Hornwood","Halys Hornwood","","Lord of the Hornwood;","","House Hornwood","","Northmen"
"Harbert","Harbert","","Ser;Castellan of Storm's End","","House Baratheon","",""
"Harma","Harma","","","Harma;Harma the Dogshead;Harma Dogshead","","","Wildlings"
"Harra","Harra","","","","House Whent;House Lannister","",""
"Harrag-Sharp","Harrag Sharp","","","Harrag Sharp;Harrag Sheepstealer","House Sharp","","Ironborn"
"Harren-Hoare","Harren Hoare","Harren Hoare","","Harren Hoare;Harren the Black;Black Harren","House Hoare","House Hoare","Ironborn"
"Harrion-Karstark","Harrion Karstark","","Lord of Karhold","Harrion Karstark;Harry","House Karstark","","Northmen"
"Harwin","Harwin","","","","House Stark;Brotherhood without banners","","Northmen"
"Harys-Haigh","Harys Haigh","","Ser","","House Haigh;House Frey","",""
"Harys-Swyft","Harys Swyft","","Knight of Cornfield;Ser;Hand of the King;Master of coin;Lord treasurer","","House Swyft","",""
"Hayhead","Hayhead","","","","House Stark","","Northmen"
"Helman-Tallhart","Helman Tallhart","","Ser;Master of Torrhen's Square","","House Tallhart","","Northmen"
"Helya","Helya","","","","House Greyjoy","",""
"Hendry-Bracken","Hendry Bracken","","","","House Bracken","",""
"High-Septon-(fat_one)","High Septon (fat_one)","","High Septon;His High Holiness","High Septon (fat_one);The fat one","Faith of the Seven","",""
"High-Septon-(Tyrions)","High Septon (Tyrions)","","High Septon;His High Holiness","High Septon (Tyrions);The one after the Fat One","Faith of the Seven","",""
"Hobb","Hobb","","","Hobb;Three-Finger Hobb","Night's Watch","",""
"Hobber-Redwyne","Hobber Redwyne","","Ser","Hobber Redwyne;Slobber","House Redwyne","","Reach"
"Hod","Hod","","","","","",""
"Hodor","Hodor","","","Hodor;Hodor","House Stark","","Northmen"
"Holger","Holger","","","","Stone Crows","","Vale mountain clans"
"Horas-Redwyne","Horas Redwyne","","Ser","Horas Redwyne;Horror","House Redwyne","","Reach"
"Hosman-Norcross","Hosman Norcross","","Ser","","House Norcross","",""
"Hosteen-Frey","Hosteen Frey","","Ser","Hosteen Frey;Ser Stupid","House Frey","",""
"Hoster-Frey","Hoster Frey","","","","House Frey","",""
"Hoster-Tully","Hoster Tully","","Lord Paramount of the Trident;Lord of Riverrun","","House Tully","","Rivermen"
"Hot-Pie","Hot Pie","","","","","",""
"Hother-Umber","Hother Umber","","Castellan of Last Hearth","Hother Umber;Hother Whoresbane;Whoresbane Umber","House Umber","","Northmen"
"Howland-Reed","Howland Reed","","Lord of Greywater Watch","","House Reed","","Crannogmen"
"Hubard-Rambton","Hubard Rambton","","Ser","","House Rambton","",""
"Hullen","Hullen","","Master of horse at Winterfell","","House Stark","","Northmen"
"Igon-Vyrwel","Igon Vyrwel","","","","House Vyrwel;House Tyrell","",""
"Illyrio-Mopatis","Illyrio Mopatis","","Magister of Pentos","Illyrio Mopatis;The Cheesemonger;The Fat Man;The Lord of Cheese","House Targaryen","","Pentoshi"
"Ilyn-Payne","Ilyn Payne","","Ser King's Justice","","House Payne","","Westeros"
"Imry-Florent","Imry Florent","","Ser;Lord High Captain","Imry Florent;The Fool of Florent","House Florent","",""
"Ironbelly","Ironbelly","","","Ironbelly;Ironbelly","","",""
"Irri","Irri","","","","House Targaryen","","Dothraki"
"Jacelyn-Bywater","Jacelyn Bywater","","Ser;Captain of the Mud Gate;Commander of the City Watch;Lord","Jacelyn Bywater;Ironhand","House Bywater;City Watch of King's Landing","",""
"Jacks","Jacks","","","","House Stark","","northmen"
"Jaime-Lannister","Jaime Lannister","","Ser;Lord Commander of the Kingsguard;Warden of the East (formerly)","Jaime Lannister;The Kingslayer;The Lion of Lannister;The Young Lion;Cripple","House Lannister;Kingsguard","","Westerlands"
"Jalabhar-Xho","Jalabhar Xho","","Prince of the Red Flower Vale","","Summer Islands","","Summer Islands"
"Jammos-Frey","Jammos Frey","","Ser","","House Frey","",""
"Janei-Lannister","Janei Lannister","","","","House Lannister","",""
"Janna-Tyrell","Janna Tyrell","","","","House Tyrell;House Fossoway of New Barrel","",""
"Janos-Slynt","Janos Slynt","","Commander of the City Watch Lord of Harrenhal","","Night's Watch;House Slynt;City Watch of King's Landing","",""
"Jaqen-H'ghar","Jaqen H'ghar","","","Jaqen H'ghar;Lorath","Faceless Men","",""
"Jared-Frey","Jared Frey","","Ser","","House Frey","",""
"Jaremy-Rykker","Jaremy Rykker","","Seracting First Ranger","","Night's Watch","",""
"Jarmen-Buckwell","Jarmen Buckwell","","Ser","","House Buckwell;Night's Watch","",""
"Jason-Mallister","Jason Mallister","","Lord of Seagard","","House Mallister","","Riverlands"
"Jeffory-Mallister","Jeffory Mallister","","","","House Mallister","",""
"Jeor-Mormont","Jeor Mormont","","Lord of Bear Island (formerly)Lord Commander of the Night's Watch","Jeor Mormont;The Old Bear","House Mormont;Night's Watch","","Northmen"
"Jeren","Jeren","","","","Night's Watch","",""
"Jeyne-Beesbury","Jeyne Beesbury","","","","House Beesbury;House Frey","",""
"Jeyne-Goodbrook","Jeyne Goodbrook","","","","House Goodbrook","",""
"Jeyne-Lydden","Jeyne Lydden","","","","House Lydden","",""
"Jeyne-Poole","Jeyne Poole","","","Jeyne Poole;Arya Stark","House Poole","","Northmen"
"Jeyne-Rivers","Jeyne Rivers","","","","House Frey","",""
"Jhaqo","Jhaqo","","Khal;Ko (formerly)","","","","Dothraki"
"Jhiqui","Jhiqui","","","","House Targaryen","","Dothraki"
"Jhogo","Jhogo","","Ko;Bloodrider","","House Targaryen","","Dothraki"
"Joanna-Lannister","Joanna Lannister","","Lady of Casterly Rock","","House Lannister","","Westerman"
"Jodge","Jodge","","","","House Lannister","",""
"Joffrey-Baratheon","Joffrey Baratheon","Joffrey Baratheon the First of His Name","","Joffrey Baratheon;Joffrey the Illborn;The Young Usurper;Aerys the Third;Joffrey-called-Baratheon","House Baratheon of King's Landing","House Baratheon of King's Landing",""
"Jojen-Reed","Jojen Reed","","","Jojen Reed;Little Grandfather","House Reed","","Crannogmen"
"Jommy","Jommy","","","","House Baratheon","",""
"Jon-Arryn","Jon Arryn","","Lord of the Eyrie;Defender of the Vale;Warden of the East;Hand of the King","","House Arryn","","Valemen"
"Jon-Brax","Jon Brax","","","","House Brax","",""
"Jon-Fossoway","Jon Fossoway","","The Knight of New Barrel;Ser","","House Fossoway of New Barrel","","Reach"
"Jon-Snow","Jon Snow","","Lord Commander of the Night's Watch","Jon Snow;Lord Snow;Ned Stark's Bastard;The Snow of Winterfell;The Crow-Come-Over;The 998th Lord Commander of the Night's Watch;The Bastard of Winterfell;The Black Bastard of the Wall;Lord Crow","House Stark;Night's Watch","","Northmen"
"Jon-Umber-(Greatjon)","Jon Umber (Greatjon)","","Lord of the Last Hearth","Jon Umber (Greatjon);The Greatjon;Greatjon Umber","House Umber","","Northmen"
"Jon-Umber-(Smalljon)","Jon Umber (Smalljon)","","","Jon Umber (Smalljon);The Smalljon;Smalljon Umber","House Umber","","Northmen"
"Jon-Wylde","Jon Wylde","","Ser","","House Wylde","",""
"Jonnel-Stark","Jonnel Stark","","Lord of Winterfell;Warden of the North","Jonnel Stark;One-Eye","House Stark","",""
"Jonos-Bracken","Jonos Bracken","","Lord of Stone Hedge","","House Bracken","",""
"Jonos-Frey","Jonos Frey","","","","House Frey","",""
"Jonos-Stark","Jonos Stark","","King in the North;Lord of Winterfell","","House Stark","","Northmen"
"Jorah-Mormont","Jorah Mormont","","Ser;Lord of Bear Island (stripped)","Jorah Mormont;Jorah the Andal;Bear","House Mormont;House Targaryen;Second Sons","","Northmen"
"Jorah-Stark","Jorah Stark","","King in the North;Lord of Winterfell","","House Stark","","Northmen"
"Joramun","Joramun","","King-Beyond-the-Wall","","","","Free Folk"
"Jory-Cassel","Jory Cassel","","Captain of the guard","","House Cassel","","Northmen"
"Joseth","Joseth","","","","House Stark","",""
"Josmyn-Peckledon","Josmyn Peckledon","","","Josmyn Peckledon;Peck","House Peckledon","",""
"Joss-Stilwood","Joss Stilwood","","","","House Clegane","",""
"Josua-Willum","Josua Willum","","","","House Willum","",""
"Joy-Hill","Joy Hill","","","","House Lannister","",""
"Joyeuse-Erenford","Joyeuse Erenford","","Lady of the Crossing","","House Erenford;House Frey","",""
"Jurne","Jurne","","Maester","","","",""
"Jyanna-Frey","Jyanna Frey","","","","House Frey","",""
"Karyl-Vance","Karyl Vance","","Ser;Lord of Wayfarer's Rest","","House Vance of Wayfarer's Rest","",""
"Kedge-Whiteye","Kedge Whiteye","","","","Night's Watch","",""
"Kenned","Kenned","","","Kenned;Kenned the Whale","","","Ironborn"
"Kevan-Lannister","Kevan Lannister","","Ser;Master of laws;Lord Regent;Protector of the Realm","","House Lannister","",""
"Koss","Koss","","","","","",""
"Kromm","Kromm","","","","House Greyjoy","","ironborn"
"Kurz","Kurz","","","","","",""
"Kyle-Royce","Kyle Royce","","","","House Royce","",""
"Kym","Kym","","Maester","","","",""
"Kyra","Kyra","","","","House Stark","",""
"Kyra-Frey","Kyra Frey","","","","House Frey","",""
"Lancel-Lannister","Lancel Lannister","","Ser;Lord of Darry","","House Lannister of Casterly Rock;House Lannister of Darry;Noble and Puissant Order of the Warrior's Sons","",""
"Larence-Snow","Larence Snow","","","","House Hornwood","","Northmen"
"Lark","Lark","","","Lark;The Sisterman;Lark the Sisterman","Night's Watch","","Sistermen"
"Layna","Layna","","","","","",""
"Leo-Lefford","Leo Lefford","","Lord of the Golden Tooth","","House Lefford","",""
"Leobald-Tallhart","Leobald Tallhart","","Castellan of Torrhen's Square","","House Tallhart","","Northmen"
"Leslyn-Haigh","Leslyn Haigh","","Ser","","House Haigh","",""
"Lewys-Lydden","Lewys Lydden","","Lord of the Deep Den","","House Lydden","",""
"Leyton-Hightower","Leyton Hightower","","Lord of the Hightower;Lord of the Port;Voice of Oldtown;Defender of the Citadel;Beacon of the South","Leyton Hightower;Old Man of Oldtown","House Hightower","",""
"Lollys-Stokeworth","Lollys Stokeworth","","Lady of Stokeworth","Lollys Stokeworth;Lollys Lackwit","House Stokeworth","",""
"Lomas-Estermont","Lomas Estermont","","Ser","","House Estermont","","Stormlands"
"Lommy-Greenhands","Lommy Greenhands","","","Lommy Greenhands;Lommy Greenhands","","",""
"Lomys","Lomys","","Maester","","","",""
"Loras-Tyrell","Loras Tyrell","","Ser;Lord Commander of the Rainbow Guard","Loras Tyrell;The Knight of Flowers;Knight o_�_ Pansies;Ser Daisy","House Tyrell;Rainbow Guard;Kingsguard","","Reach"
"Lorren","Lorren","","","Lorren;Black Lorren","","",""
"Lothar-Frey","Lothar Frey","","Steward of the Twins","Lothar Frey;Lame Lothar","House Frey","","Rivermen"
"Lothor-Brune","Lothor Brune","","Ser","Lothor Brune;Lothor Apple-Eater","House Brune of Brownhollow;House Baelish of Harrenhal","",""
"Lucan","Lucan","","","","House Whent","",""
"Lucas-Blackwood","Lucas Blackwood","","","","House Blackwood","",""
"Luceon-Frey","Luceon Frey","","Septon","","Faith of the Seven;Most Devout","",""
"Lucias-Vypren","Lucias Vypren","","Lord","","House Vypren","",""
"Luwin","Luwin","","","","House Stark","","Westeros"
"Lyanna-Stark","Lyanna Stark","","","Lyanna Stark;The She-Wolf;The Wolf Maid;Lya","House Stark","","Northmen"
"Lyessa-Flint","Lyessa Flint","","Lady of Widow's Watch","","House Flint of Widow's Watch","","Northmen"
"Lyle-Crakehall","Lyle Crakehall","","Ser","Lyle Crakehall;Strongboar","House Crakehall","",""
"Lyman-Darry","Lyman Darry","","Lord of Darry","","House Darry","",""
"Lymond-Vikary","Lymond Vikary","","Ser","","House Vikary","",""
"Lyn-Corbray","Lyn Corbray","","Ser","","House Corbray;Lords Declarant","",""
"Lync","Lync","","","","Night's Watch","",""
"Lynesse-Hightower","Lynesse Hightower","","","","House Hightower","",""
"Lyonel-(knight)","Lyonel (knight)","","Ser","","House Lannister","",""
"Lyonel-Frey","Lyonel Frey","","Ser","","House Frey of Riverrun","",""
"Lysa-Arryn","Lysa Arryn","","Lady of the Vale","Lysa Arryn;Lysa Tully","House Tully;House Arryn;House Baelish","",""
"Lythene-Frey","Lythene Frey","","","","House Frey","",""
"Mace-Tyrell","Mace Tyrell","","Lord of Highgarden;Defender of the Marches;High Marshal of the Reach;Warden of the South;Hand of the King;Master of ships (formerly)","Mace Tyrell;Lord Oaf;The Fat Flower;Lord Puff Fish","House Tyrell","",""
"Maege-Mormont","Maege Mormont","","Lady of Bear Island","Maege Mormont;The She-Bear","House Mormont","","Northmen"
"Maegelle-Frey","Maegelle Frey","","","","House Frey","",""
"Maekar-I-Targaryen","Maekar I Targaryen","","","","","",""
"Malcolm","Malcolm","","Ser","","","",""
"Mallador-Locke","Mallador Locke","","Ser","","Night's Watch","",""
"Malliard","Malliard","","Wisdom","","Alchemists' Guild","",""
"Malwyn-Frey","Malwyn Frey","","","","House Frey","",""
"Mance-Rayder","Mance Rayder","","","Mance Rayder;The Mance;Abel;The Unburnt King","","","Free folk"
"Mandon-Moore","Mandon Moore","","Ser","","House Moore;Kingsguard","","Valemen"
"Marei","Marei","","","","Chataya's brothel","",""
"Margaery-Tyrell","Margaery Tyrell","","Queen of the Seven Kingdoms","Margaery Tyrell;The Little Queen;The Little Rose;Maid Margaery","House Tyrell","","Reach"
"Marianne-Vance","Marianne Vance","","","","House Vance","",""
"Maric-Seaworth","Maric Seaworth","","Oarmaster","","House Seaworth","",""
"Marillion","Marillion","","","","","",""
"Marissa-Frey","Marissa Frey","","","","House Frey","",""
"Mariya-Darry","Mariya Darry","","","","House Darry;House Frey","",""
"Mark-Mullendore","Mark Mullendore","","Ser","","House Mullendore","",""
"Maron-Botley","Maron Botley","","","Maron Botley;Fishwhiskers","House Botley","",""
"Maron-Greyjoy","Maron Greyjoy","","","","House Greyjoy","","Ironborn"
"Marq-Piper","Marq Piper","","Ser","","House Piper","","Rivermen"
"Marsella-Waynwood","Marsella Waynwood","","","","House Waynwood;House Frey","",""
"Martyn-Cassel","Martyn Cassel","","","","House Cassel","","Northmen"
"Martyn-Lannister","Martyn Lannister","","","","House Lannister","",""
"Martyn-Rivers","Martyn Rivers","","","","House Frey","",""
"Marwyn-Belmore","Marwyn Belmore","","Ser","Marwyn Belmore;Ser Ding-Dong","House Belmore;House Arryn","",""
"Marya-Seaworth","Marya Seaworth","","Lady","","House Seaworth","",""
"Masha-Heddle","Masha Heddle","","","","","",""
"Mathis-Frey","Mathis Frey","","","","House Frey","",""
"Mathis-Rowan","Mathis Rowan","","Lord of Goldengrove","","House Rowan","","Reach"
"Mathos-Mallarawan","Mathos Mallarawan","","","","","","Qartheen"
"Matrice","Matrice","","","","House Baratheon of Dragonstone","",""
"Matthar","Matthar","","","Matthar;Ser Loon;","Night's Watch","",""
"Matthos-Seaworth","Matthos Seaworth","","","","House Seaworth","",""
"Mebble","Mebble","","","Mebble;Pinkeye","","",""
"Medger-Cerwyn","Medger Cerwyn","","Lord of Cerwyn","","House Cerwyn","","Northmen"
"Meera-Reed","Meera Reed","","","","House Reed","","Crannogmen"
"Melara-Crane","Melara Crane","","","","House Crane;House Florent","",""
"Meldred-Merlyn","Meldred Merlyn","","Lord of Pebbleton","Meldred Merlyn;The Merlyn","House Merlyn","","Ironborn"
"Melesa-Crakehall","Melesa Crakehall","","","","House Crakehall","",""
"Melessa-Florent","Melessa Florent","","","","House Florent;House Tarly","",""
"Melisandre","Melisandre","","","Melisandre;The red priestess;The red woman;The king's red shadow;Lady Red;Lot Seven","Faith of R'hllor","","Asshai"
"Mellara-Rivers","Mellara Rivers","","","","House Frey","",""
"Melwys-Rivers","Melwys Rivers","","Maester","","","",""
"Merianne-Frey","Merianne Frey","","","Merianne Frey;Merry Frey","House Frey","",""
"Merrell-Florent","Merrell Florent","","","","House Florent","",""
"Merrett-Frey","Merrett Frey","","","Merrett Frey;Merrett Muttonhead","House Frey","","Riverlands"
"Meryn-Trant","Meryn Trant","","Ser","","House Trant;Kingsguard","",""
"Mikken","Mikken","","","","House Stark","","Northmen"
"Mina-Tyrell","Mina Tyrell","","","","House Tyrell;House Redwyne","",""
"Minisa-Whent","Minisa Whent","","Lady of Riverrun","Minisa Whent;Minisa Tully","House Whent;House Tully","","Rivermen"
"Mirri-Maz-Duur","Mirri Maz Duur","","Godswife;Maegi","","","","Lhazareen"
"Monford-Velaryon","Monford Velaryon","","Lord of the Tides;Master of Driftmark","","House Velaryon","","Valyrian"
"Moon-Boy","Moon Boy","","","","House Baratheon of King's Landing","",""
"Mord","Mord","","","","House Arryn","",""
"Mordane","Mordane","","Septa","","House Stark","",""
"Morosh-the-Myrman","Morosh the Myrman","","","","","","Myrmen"
"Morros-Slynt","Morros Slynt","","Lord","","House Slynt","",""
"Mors-Umber","Mors Umber","","Castellan of Last Hearth","Mors Umber;Mors Crowfood","House Umber","","Northmen"
"Morton-Waynwood","Morton Waynwood","","Ser","","House Waynwood","",""
"Morya-Frey","Morya Frey","","Lady","","House Frey;House Brax","",""
"Moryn-Tyrell","Moryn Tyrell","","Ser  Lord Commander of the City Watch of Oldtown","","House Tyrell","",""
"Mullin","Mullin","","Maester","","Night's Watch","",""
"Munciter","Munciter","","Wisdom","","Alchemists' Guild","",""
"Murch","Murch","","","","","",""
"Murch-(Winterfell)","Murch (Winterfell)","","","","House Stark","","Northmen"
"Mya-Stone","Mya Stone","","","","House Royce of the Gates of the Moon","",""
"Mycah","Mycah","","","","","","Westeros"
"Mychel-Redfort","Mychel Redfort","","Ser","","House Redfort","","Valemen"
"Mylenda-Caron","Mylenda Caron","","","","House Caron;House Frey","",""
"Myles-(squire)","Myles (squire)","","","","House Tully","",""
"Myranda-Royce","Myranda Royce","","","Myranda Royce;Randa","House Royce of the Gates of the Moon","",""
"Myrcella-Baratheon","Myrcella Baratheon","","Princess","","House Baratheon of King's Landing","",""
"Myrielle-Lannister","Myrielle Lannister","","","","House Lannister","",""
"Nan","Nan","","","","House Stark","",""
"Nella","Nella","","","","","","Free Folk"
"Nestor-Royce","Nestor Royce","","Keeper of the Gates of the Moon;High Steward of the Vale","","House Royce of the Gates of the Moon","",""
"Nissa-Nissa","Nissa Nissa","","","","","",""
"Norne-Goodbrother","Norne Goodbrother","","Lord of Shatterstone","","House Goodbrother of Shatterstone","","Ironborn"
"Nymeria","Nymeria","","Princess;Queen","Nymeria;Nymeria of the Rhoyne","House Martell","","Rhoynar"
"Oberyn-Martell","Oberyn Martell","","Prince;Ser","Oberyn Martell;The Red Viper","House Martell;Second Sons (formerly)","","Dornishmen"
"Olenna-Redwyne","Olenna Redwyne","","Dowager Lady of Highgarden","Olenna Redwyne;Olenna Redwyne;Queen of Thorns","House Redwyne;House Tyrell","",""
"Olyvar-Frey","Olyvar Frey","","","","House Frey","",""
"Omer-Florent","Omer Florent","","Maester","","","",""
"Ondrew-Locke","Ondrew Locke","","Lord of Oldcastle","Ondrew Locke;old Lord Locke","House Locke","","Northmen"
"Orell","Orell","","","","","","Free Folk"
"Oro-Tendyris","Oro Tendyris","","","","","","Braavosi"
"Osfryd-Kettleblack","Osfryd Kettleblack","","Ser;Commander of the City Watch of King's Landing","","House Kettleblack;City Watch of King's Landing","",""
"Osha","Osha","","","","House Stark","","Free folk"
"Osmund-Frey","Osmund Frey","","","","House Frey","",""
"Osmund-Kettleblack","Osmund Kettleblack","","Ser","Osmund Kettleblack;Oswald Kettleblack;","House Kettleblack;Gallant Men (formerly)Kingsguard","",""
"Osmynd","Osmynd","","Septon","","Faith of the Seven","",""
"Osney-Kettleblack","Osney Kettleblack","","Ser","","House Kettleblack","",""
"Othell-Yarwyck","Othell Yarwyck","","First Builder","","House Yarwyck;Night's Watch","",""
"Otter-Gimpknee","Otter Gimpknee","","","","","",""
"Ottyn-Wythers","Ottyn Wythers","","Ser","","House Wythers;Night's Watch","",""
"Palla","Palla","","","","House Stark","","Northmen"
"Parmen-Crane","Parmen Crane","","Ser","Parmen Crane;Parmen the Purple","House Crane;Rainbow Guard","",""
"Patchface","Patchface","","","Patchface;Patches","House Baratheon of Dragonstone","",""
"Pate-of-the-Blue-Fork","Pate of the Blue Fork","","Ser","Pate of the Blue Fork;Pate of the Blue Fork Pate of Sevenstreams","House Frey","",""
"Patrek-Mallister","Patrek Mallister","","","","House Mallister","",""
"Patrek-Vance","Patrek Vance","","","","House Vance","",""
"Paxter-Redwyne","Paxter Redwyne","","Lord of the Arbor;Grand admiral;Lord admiral;Master of ships","","House Redwyne","",""
"Perra-Frey","Perra Frey","","","","House Frey","",""
"Perriane-Frey","Perriane Frey","","","","House Haigh","",""
"Perwyn-Frey","Perwyn Frey","","Ser","","House Frey","",""
"Petyr-Baelish","Petyr Baelish","","Master of coin (formerly)Lord Paramount of the Trident;Lord of Harrenhal;Lord Protector of the Vale","Petyr Baelish;Littlefinger","House Baelish of the Fingers;House Baelish of Harrenhal","","Valemen"
"Petyr-Frey","Petyr Frey","","","Petyr Frey;Petyr Pimple","House Frey","",""
"Philip-Foote","Philip Foote","","Ser;Lord of Nightsong;Lord of the Marches","","House Foote;House Foote of Nightsong","",""
"Pia","Pia","","","Pia;Pretty Pia","House Whent","",""
"Podrick-Payne","Podrick Payne","","","Podrick Payne;Pod","House Payne","",""
"Pollitor","Pollitor","","Wisdom","","Alchemists' Guild","",""
"Polliver","Polliver","","Castellan of Harrenhal","Polliver;Polly","House Clegane","",""
"Pono","Pono","","Khal;Ko (formerly)","","","","Dothraki"
"Porther","Porther","","","","House Stark","","northmen"
"Poul-Pemford","Poul Pemford","","","","House Pemford;House Tully","",""
"Poxy-Tym","Poxy Tym","","","Poxy Tym;Poxy Tym","House Stark","","northmen"
"Praed","Praed","","","","","",""
"Preston-Greenfield","Preston Greenfield","","Ser","","House Greenfield;Kingsguard","","Westermen"
"Pyat-Pree","Pyat Pree","","Warlock","","The Undying Ones","",""
"Pycelle","Pycelle","","Grand Maester","","Maesters of the Citadel (by oath)House Lannister (de facto)","",""
"Pylos","Pylos","","Maester","","House Baratheon of Dragonstone","",""
"Pypar","Pypar","","","Pypar;Pyp;Monkey;Mummer's Monkey;","Night's Watch","",""
"Qalen","Qalen","","Maester","","House Greyjoy","",""
"Qarl-the-Maid","Qarl the Maid","","","Qarl the Maid;Qarl the Maid","","","Ironborn"
"Qhorin-Halfhand","Qhorin Halfhand","","","Qhorin Halfhand;Qhorin Halfhand","Night's Watch","",""
"Quaithe","Quaithe","","","Quaithe;Quaithe of the Shadow","","","Asshai'i"
"Quent","Quent","","","","House Stark","","northmen"
"Quentyn-Martell","Quentyn Martell","","Prince;Ser","Quentyn Martell;Frog;Prince Frog;;The Prince Who Came Too Late;The Dragonrider;","House Martell;Windblown","","Dornishmen"
"Quhuru-Mo","Quhuru Mo","","","","","","Summer Isles"
"Qyburn","Qyburn","","Lord;Master of whisperers","Qyburn;The Bloody Maester","House Lannister Brave Companions (formerly)","",""
"Qyle","Qyle","","","","","",""
"Rafford","Rafford","","","Rafford;Raff the Sweetling","House Clegane","",""
"Ragwyle","Ragwyle","","","","","","Free folk"
"Rakharo","Rakharo","","Ko;Bloodrider of Daenerys Targaryen","","House Targaryen","","Dothraki"
"Ramsay-Snow","Ramsay Snow","","Lord of the Hornwood;Lord of Winterfell;Castellan of the Dreadfort","Ramsay Snow;Ramsay Bolton  The Bastard of Bolton  The Bastard of the Dreadfort  Reek  Red Helm  Monster","House Bolton of the Dreadfort;House Bolton of Winterfell","","Northmen"
"Randyll-Tarly","Randyll Tarly","","Lord of Horn Hill;Justiciar;Master of laws","","House Tarly","",""
"Rast","Rast","","","Rast;Rat","Night's Watch","",""
"Rattleshirt","Rattleshirt","","","Rattleshirt;Rattleshirt;Lord o' Bones;Bag o' Bones","","","Free Folk"
"Raymun-Redbeard","Raymun Redbeard","","King-Beyond-the-Wall","","","","free folk"
"Raymund-Frey","Raymund Frey","","Ser","","House Frey","",""
"Red-Rolfe","Red Rolfe","","","Red Rolfe;Red Rolfe","House Greyjoy","",""
"Redwyn","Redwyn","","","","Night's Watch","",""
"Reek","Reek","","","Reek;Reek","House Bolton","",""
"Renly-Baratheon","Renly Baratheon","","Lord Paramount of the Stormlands;Lord of Storm's End;Master of laws;Lord of the Seven Kingdoms (claimant)","Renly Baratheon;The King in Highgarden;The King in the South","House Baratheon","","Stormlands"
"Renly-Norcross","Renly Norcross","","","","House Norcross","",""
"Reysen","Reysen","","","","","",""
"Rhaegar-Frey","Rhaegar Frey","","","","House Frey","",""
"Rhaegar-Targaryen","Rhaegar Targaryen","","Prince of Dragonstone;Ser","Rhaegar Targaryen;Silver Prince;The Dragon Prince;The Last Dragon","House Targaryen","","Valyrian"
"Rhaego","Rhaego","","","Rhaego;The stallion who mounts the world","House Targaryen","",""
"Rhaenys-Targaryen-(daughter-of-Rhaegar)","Rhaenys Targaryen (daughter of Rhaegar)","","Princess","","House Targaryen","",""
"Rhea-Florent","Rhea Florent","","","","House Florent;House Hightower","",""
"Rickard-Karstark","Rickard Karstark","","Lord of Karhold","","House Karstark","","Northmen"
"Rickard-Stark","Rickard Stark","","Lord of Winterfell;Warden of the North","","House Stark","","Northmen"
"Rickard-Wylde","Rickard Wylde","","","","House Wylde","",""
"Rickon-Stark","Rickon Stark","","Prince of Winterfell;Heir to Winterfell","","House Stark","","Northmen"
"Robar-Royce","Robar Royce","","Ser","Robar Royce;Robar the Red","House Royce;Rainbow Guard","","Valemen"
"Robb-Stark","Robb Stark","Robb Stark","","Robb Stark;The Young Wolf;The King Who Lost the North;Robb the Lord;The Boy Wolf","House Stark","House Stark",""
"Robert-Arryn","Robert Arryn","","Lord of the Eyrie;Defender of the Vale;Warden of the East","Robert Arryn;Sweetrobin;True Warden of the East","House Arryn","","Valemen"
"Robert-Baratheon","Robert Baratheon","Robert Baratheon the First of His Name","","Robert Baratheon;The Usurper;Demon of the Trident;The Whoremonger King","House Baratheon of King's Landing","House Baratheon of King's Landing",""
"Robert-Brax","Robert Brax","","Ser","","House Brax","",""
"Robert-Brax-(son-of-Flement)","Robert Brax (son of Flement)","","","","House Brax","",""
"Robert-Frey","Robert Frey","","","","House Frey","",""
"Robert-Frey-(son-of-Raymund)","Robert Frey (son of Raymund)","","","","House Frey;The Citadel","",""
"Robett-Glover","Robett Glover","","","","House Glover","","Northmen"
"Robin-Flint","Robin Flint","","Lord of Flint's Finger","","House Flint of Widow's Watch;House Flint of Flint's Finger;;","",""
"Robin-Ryger","Robin Ryger","","Ser;Captain of the guards at Riverrun","","House Ryger;House Tully;Night's Watch","",""
"Rodrik-Cassel","Rodrik Cassel","","Ser;Master-at-arms of Winterfell;Castellan of Winterfell","Rodrik Cassel;Old Ser Rodrik","House Cassel;House Stark","","Northmen"
"Rodrik-Greyjoy","Rodrik Greyjoy","","","","House Greyjoy","","Ironborn"
"Rodrik-Harlaw","Rodrik Harlaw","","Lord of Harlaw;Lord of the Ten Towers;The Harlaw of Harlaw;Captain of the Sea Song","Rodrik Harlaw;The Reader","House Harlaw","","Ironborn"
"Rodwell-Stark","Rodwell Stark","","Lord of Winterfell;Warden of the North","","House Stark","","Northmen"
"Roland-Crakehall-(Lord)","Roland Crakehall (Lord)","","Lord of Crakehall","","House Crakehall","",""
"Rolfe","Rolfe","","","","","",""
"Ronel-Rivers","Ronel Rivers","","","","House Frey","",""
"Ronnet-Connington","Ronnet Connington","","Ser;Knight of Griffin's Roost","Ronnet Connington;Red Ronnet","House Connington","",""
"Roose-Bolton","Roose Bolton","","Lord of the Dreadfort;Warden of the North","Roose Bolton;The Leech Lord","House Bolton","","Northmen"
"Rorge","Rorge","","","Rorge;Broken Nose;The Mad Dog of Saltpans;The Hound (II)","Brave Companions","",""
"Roslin-Frey","Roslin Frey","","","","House Frey;House Tully","","Rivermen"
"Rossart","Rossart","","Grand Master;Wisdom;Lord Hand of the King","","Alchemists' Guild","",""
"Rupert-Brax","Rupert Brax","","Ser","Rupert Brax;Rubert Brax","House Brax","",""
"Ryam-Florent","Ryam Florent","","Ser","","House Florent","",""
"Ryam-Redwyne","Ryam Redwyne","","Ser;Lord Commander of the Kingsguard;Hand of the King","","House Redwyne;Kingsguard","","Reachmen"
"Rycherd-Crane","Rycherd Crane","","Ser","","House Crane","",""
"Ryella-Frey","Ryella Frey","","","","House Frey","",""
"Ryella-Royce","Ryella Royce","","","","House Royce;House Frey","",""
"Ryger-Rivers","Ryger Rivers","","","","House Frey","",""
"Rylene-Florent","Rylene Florent","","","","House Florent;House Crane","",""
"Ryman-Frey","Ryman Frey","","Ser","","House Frey","",""
"Rymolf","Rymolf","","","Rymolf;Rymolf Stormdrunk","House Greyjoy","","Ironborn"
"Rymund-the-Rhymer","Rymund the Rhymer","","","Rymund the Rhymer;Rymund the Rhymer","","",""
"Saathos","Saathos","","","Saathos;Saathos the Wise","","",""
"Salladhor-Saan","Salladhor Saan","","Prince of the Narrow Sea Lord of Blackwater Bay","Salladhor Saan;Salla","House Baratheon of Dragonstone","","Lysene"
"Sallei-Paege","Sallei Paege","","","","House Paege;House Frey","",""
"Salloreon","Salloreon","","","","Antler Men","",""
"Samwell-Tarly","Samwell Tarly","","","Samwell Tarly;Sam Ser Piggy; Lord of Ham; Lady Piggy ; Sam the Slayer Black Sam","Night's Watch","","Westeros"
"Sandor-Clegane","Sandor Clegane","","","Sandor Clegane;The Hound;Dog","House Clegane;House Lannister (formerly)Kingsguard (formerly)","",""
"Sandor-Frey","Sandor Frey","","","","House Frey","",""
"Sansa-Stark","Sansa Stark","","Princess","Sansa Stark;Little bird;Alayne Stone;Jonquil","House Stark;House Baelish of Harrenhal (as Alayne)","","Northmen"
"Sarra-Frey","Sarra Frey","","","","House Frey","",""
"Sarya-Whent","Sarya Whent","","Lady","","House Whent;House Frey","",""
"Satin","Satin","","","","Night's Watch","",""
"Sawane-Botley","Sawane Botley","","Lord of Lordsport;Captain of Swiftfin","","House Botley","","Ironborn"
"Selwyn-Tarth","Selwyn Tarth","","Lord of Evenfall Hall The Evenstar","","House Tarth","",""
"Selyse-Florent","Selyse Florent","","Lady;Queen","Selyse Florent;Light of the North","House Florent;House Baratheon of Dragonstone","",""
"Serra-Frey","Serra Frey","","","","House Frey","",""
"Shae","Shae","","","","","",""
"Shagga","Shagga","","","","Stone Crows","","Vale mountain clans"
"Shagwell","Shagwell","","","Shagwell;Shagwell the Fool","the Brave Companions","",""
"Shella-Whent","Shella Whent","","Lady of Harrenhal","","House Whent","","Rivermen"
"Shireen-Baratheon","Shireen Baratheon","","Princess","","House Baratheon of Dragonstone","",""
"Shirei-Frey","Shirei Frey","","","","House Frey","",""
"Shyra","Shyra","","","","House Stark","","Northmen"
"Shyra-Errol","Shyra Errol","","Lady of Haystack Hall","","House Errol","",""
"Sigrin","Sigrin","","","Sigrin;Sigrin the Shipwright","House Greyjoy","","Ironborn"
"Simon-Toyne","Simon Toyne","","","","House Toyne;Kingswood Brotherhood","",""
"Skittrick","Skittrick","","","","House Stark","","Northmen"
"Skyte","Skyte","","","","","","Ironborn"
"Squint","Squint","","","","House Greyjoy","",""
"Stafford-Lannister","Stafford Lannister","","Ser","Stafford Lannister;Uncle Dolt","House Lannister","","Westerman"
"Stannis-Baratheon","Stannis Baratheon","Stannis Baratheon the First of His Name","","Stannis Baratheon;The King in the Narrow Sea;The King of the Painted Table;The King of Dragonstone;The King at the Wall;Azor Ahai reborn/come again;;","House Baratheon of Dragonstone","House Baratheon of Dragonstone",""
"Stannis-Seaworth","Stannis Seaworth","","","","House Seaworth","",""
"Steffon-Baratheon","Steffon Baratheon","","Lord of Storm's End;Lord Paramount of the Stormlands","","House Baratheon","",""
"Steffon-Frey","Steffon Frey","","","Steffon Frey;Steffon the Sweet","House Frey","",""
"Steffon-Seaworth","Steffon Seaworth","","","","House Seaworth","",""
"Steffon-Varner","Steffon Varner","","Lord","","House Varner","",""
"Stevron-Frey","Stevron Frey","","Ser","","House Frey","",""
"Stonesnake","Stonesnake","","","","Night's Watch","",""
"Stygg","Stygg","","","","House Greyjoy","",""
"Sybassion","Sybassion","","","Sybassion;Blind Sybassion, the Eater of Eyes","","","Qarth"
"Sybelle-Glover","Sybelle Glover","","Lady of Deepwood Motte","","House Locke;House Glover","","Northmen"
"Sylas","Sylas","","","Sylas;Sylas Sourmouth","House Greyjoy","",""
"Sylwa-Paege","Sylwa Paege","","","","House Paege;House Frey","",""
"Symeon-Star-Eyes","Symeon Star-Eyes","","","","","",""
"Symon-Silver-Tongue","Symon Silver Tongue","","","Symon Silver Tongue;Symon Silver Tongue","","",""
"Symond-Frey","Symond Frey","","","","House Frey","",""
"Syrio-Forel","Syrio Forel","","First Sword to the Sealord of Braavos Water Dancer","","House Stark","","Braavosi"
"Tallad","Tallad","","Ser","Tallad;Tallad the Tall","House Baratheon of King's Landing","",""
"Tanda-Stokeworth","Tanda Stokeworth","","Lady of Stokeworth","","House Stokeworth","",""
"Tanton-Fossoway","Tanton Fossoway","","Ser","","House Fossoway of Cider Hall","",""
"Tarber","Tarber","","","","","",""
"Theon-Greyjoy","Theon Greyjoy","","Prince of Winterfell;Captain of Sea Bitch;Lord of the Iron Islands (by law of the green lands)","Theon Greyjoy;Prince of Fools;Theon Turncloakthe squid prince;Reek;Theon Kinslayer","House Greyjoy","","Ironmen"
"Theon-Stark","Theon Stark","","","Theon Stark;The Hungry Wolf","House Stark","House Stark","Northmen"
"Thoren-Smallwood","Thoren Smallwood","","First Ranger (self-styled)","","Night's Watch","",""
"Thoros-of-Myr","Thoros of Myr","","","Thoros of Myr;The red wizard;The Ember","Brotherhood without banners","","Myr"
"Tickler","Tickler","","","Tickler;the Tickler","House Clegane","",""
"Timett","Timett","","red hand","Timett;Timett One-Eye","Burned Men","","Vale mountain clans"
"Timett-(father)","Timett (father)","","","","Burned Men","","Vale mountain clans"
"Timon","Timon","","Ser","Timon;Timon the Scrapesword","","",""
"Tion-Frey","Tion Frey","","","","House Frey House Lannister","",""
"Tobbot","Tobbot","","","","House Clegane","",""
"Tobho-Mott","Tobho Mott","","","","","","Qohor"
"Todder","Todder","","","Todder;Toad","Night's Watch","",""
"Todric","Todric","","","","","",""
"Tom;Too","Tom;Too","","","","House Stark","","Northmen"
"Tomard","Tomard","","","Tomard;Fat Tom","House Stark","","northmen"
"Tommen-Baratheon","Tommen Baratheon","Tommen Baratheon the First of His Name","","Tommen Baratheon;The Boy King;","","",""
"Torrhen-Karstark","Torrhen Karstark","","","Torrhen Karstark;Torr","House Karstark","","Northmen"
"Torrhen-Stark","Torrhen Stark","Torrhen Stark","","Torrhen Stark;The King Who Knelt","House Stark","House Stark","Northmen"
"Tothmure","Tothmure","","Maester","","","",""
"Tregar-Ormollen","Tregar Ormollen","","","","","","Lyseni"
"Trystane-Martell","Trystane Martell","","Prince","","House Martell","","Dornish"
"Tuffleberry","Tuffleberry","","","","","",""
"Turnip","Turnip","","","","House Stark","","northmen"
"Tyana-Wylde","Tyana Wylde","","","","House Wylde;House Frey","",""
"Tygett-Lannister","Tygett Lannister","","Ser","Tygett Lannister;Tyg","House Lannister","",""
"Tymor","Tymor","","","","House Greyjoy","",""
"Tyrek-Lannister","Tyrek Lannister","","","Tyrek Lannister;&quot;Wet Nurse&quot;","House Lannister","",""
"Tyrion-Lannister","Tyrion Lannister","","Acting Hand of the King (former)Master of coin (former)Lord of Casterly Rock (claimant)","Tyrion Lannister;The Imp;Halfman;The boyman;Giant of Lannister;Lord Tywin's Doom;Lord Tywin's Bane;Yollo;Hugor Hill;No-Nose;Freak;Dwarf","House Lannister;Second Sons","",""
"Tysane-Frey","Tysane Frey","","","","House Frey","",""
"Tysha","Tysha","","","Tysha;Lady Tysha of House Silverfist","","",""
"Tyta-Frey","Tyta Frey","","","Tyta Frey;Tyta the Maid","House Frey","",""
"Tytos-Blackwood","Tytos Blackwood","","Lord of Raventree Hall","","House Blackwood","",""
"Tytos-Brax","Tytos Brax","","Ser;Lord of Hornvale","","House Brax","",""
"Tytos-Frey","Tytos Frey","","Ser","","House Frey","",""
"Tywin-Frey","Tywin Frey","","Ser","Tywin Frey;Ty","House Frey;House Frey of Riverrun","",""
"Tywin-Lannister","Tywin Lannister","","Lord of Casterly Rock;Shield of Lannisport;Warden of the West;Hand of the King;Savior of the City (of King's Landing)","Tywin Lannister;The Lion of Lannister;The Old Lion;The Great Lion of the Rock","House Lannister","",""
"Ulf-the-Ill","Ulf the Ill","","","Ulf the Ill;Ulf the Ill","House Greyjoy","","Ironborn"
"Uller","Uller","","","","House Greyjoy","","Ironborn"
"Urreg","Urreg","","","","","",""
"Urrathon","Urrathon","","","Urrathon;Urrathon Night-Walker","","","Qartheen"
"Urzen","Urzen","","","","House Greyjoy","","Ironborn"
"Utherydes-Wayn","Utherydes Wayn","","Steward","","House Wayn;House Tully","",""
"Utt","Utt","","Septon","","Brave Companions;Faith of the Seven (expelled)","",""
"Vardis-Egen","Vardis Egen","","Ser;Captain of the guards","","House Egen;House Arryn","","Valemen"
"Vargo-Hoat","Vargo Hoat","","Lord of Harrenhal","Vargo Hoat;The Goat Goat of Harrenhal The Crippler The Qohorik","Brave Companions","","Qohori"
"Varys","Varys","","Master of Whisperers;Undergaoler (as Rugen)","Varys;Lord Varys;The Spider;The Eunuch;Rugen","","",""
"Vayon-Poole","Vayon Poole","","Steward of Winterfell","","House Poole","",""
"Vickon-Greyjoy","Vickon Greyjoy","","Lord of the Iron Islands;Lord Reaper of Pyke","","House Greyjoy","",""
"Victarion-Greyjoy","Victarion Greyjoy","","Lord Captain of the Iron Fleet;Master of the Iron Victory","Victarion Greyjoy;The Iron Captain","House Greyjoy","","Ironborn"
"Visenya-Targaryen","Visenya Targaryen","","Queen;Dowager Queen","","House Targaryen","","Valyrian"
"Viserys-Targaryen","Viserys Targaryen","","King of the Andals, the Rhoynar and the First Men, Lord of the Seven Kingdoms and Protector of the Realm","Viserys Targaryen;The Beggar King;Khal Rhae Mhar (The Sorefoot King)Khal Rhaggat (The Cart King)","House Targaryen","","Valyrian"
"Vortimer-Crane","Vortimer Crane","","Ser;Master-at-arms at Highgarden","","House Crane","",""
"Vylarr","Vylarr","","Captain of the guard","","House Lannister","",""
"Vyman","Vyman","","Maester","","","",""
"Walda-Frey-(daughter-of-Edwyn)","Walda Frey (daughter of Edwyn)","","","","House Frey","",""
"Walda-Frey-(daughter-of-Lothar)","Walda Frey (daughter of Lothar)","","","","House Frey","",""
"Walda-Frey-(daughter-of-Walton)","Walda Frey (daughter of Walton)","","","Walda Frey (daughter of Walton);Fair Walda","House Frey","",""
"Walda-Frey-(daughter-of-Merrett)","Walda Frey (daughter of Merrett)","","","Walda Frey (daughter of Merrett);Fat Walda;Walda Bolton;","House Frey;House Bolton","",""
"Walda-Frey-(daughter-of-Rhaegar)","Walda Frey (daughter of Rhaegar)","","","Walda Frey (daughter of Rhaegar);White Walda","House Frey","",""
"Walda-Rivers","Walda Rivers","","","","House Frey","",""
"Walder-Brax","Walder Brax","","","","House Brax","",""
"Walder-Frey-(son-of-Jammos)","Walder Frey (son of Jammos)","","","Walder Frey (son of Jammos);Big Walder","House Frey","",""
"Walder-Frey-(son-of-Ryman)","Walder Frey (son of Ryman)","","","Walder Frey (son of Ryman);Black Walder","House Frey","","Rivermen"
"Walder-Frey-(son-of-Merrett)","Walder Frey (son of Merrett)","","","Walder Frey (son of Merrett);Little Walder","House Frey","",""
"Walder-Frey-(son-of-Emmon)","Walder Frey (son of Emmon)","","","Walder Frey (son of Emmon);Red Walder","House Frey of Riverrun","",""
"Walder-Frey","Walder Frey","","Lord of the Crossing","Walder Frey;The Late Lord Frey;Old Frey","House Frey","","Rivermen"
"Walder-Goodbrook","Walder Goodbrook","","","","House Goodbrook","",""
"Walder-Haigh","Walder Haigh","","","","House Haigh","",""
"Walder-Rivers","Walder Rivers","","Ser","Walder Rivers;Bastard Walder","House Frey","","Rivermen"
"Walder-Vance","Walder Vance","","","","House Vance","",""
"Waldon-Wynch","Waldon Wynch","","Lord of Iron Holt","","House Wynch","","Ironborn"
"Walton-Frey","Walton Frey","","","","House Frey","",""
"Walton-Stark","Walton Stark","","King in the North;Lord of Winterfell","Walton Stark;Walton the Moon King","House Stark","",""
"Walton","Walton","","","Walton;Steelshanks Walton","House Bolton","","northmen"
"Waltyr-Frey","Waltyr Frey","","","Waltyr Frey;Tyr","House Frey","",""
"Wat-(Whitesmile)","Wat (Whitesmile)","","","Wat (Whitesmile);Whitesmile Wat","House Lannister","",""
"Waymar-Royce","Waymar Royce","","Ser","","House Royce;Night's Watch","","Valemen"
"Weasel","Weasel","","","","","",""
"Weeper","Weeper","","","Weeper;The Weeping Man","","","Free folk"
"Weese","Weese","","","","House Whent;House Lannister","",""
"Wendamyr","Wendamyr","","Maester","","House Greyjoy","",""
"Wendel-Frey","Wendel Frey","","","","House Frey","",""
"Wendel-Manderly","Wendel Manderly","","Ser","","House Manderly","",""
"Wendello-Qar-Deeth","Wendello Qar Deeth","","","","","","Qartheen"
"Werlag","Werlag","","","","House Greyjoy","","Ironborn"
"Wex-Pyke","Wex Pyke","","","","House Botley","","Ironborn"
"Whalen-Frey","Whalen Frey","","Ser","","House Frey","",""
"Will","Will","","","","Night's Watch;","",""
"Willamen-Frey","Willamen Frey","","Maester","","","",""
"Willam-Stark","Willam Stark","","Lord of Winterfell;Warden of the North","","House Stark","","Northmen"
"Willas-Tyrell","Willas Tyrell","","","","House Tyrell","",""
"Willem-Darry","Willem Darry","","Ser Master-at-arms at the Red Keep","","House Darry;House Targaryen","",""
"Willem-Frey","Willem Frey","","","","House Frey;House Frey of Riverrun","",""
"Willem-Lannister","Willem Lannister","","","","House Lannister","",""
"William-Mooton","William Mooton","","Lord of Maidenpool","","House Mooton","","Rivermen"
"Willit","Willit","","","","House Swyft","",""
"Woth","Woth","","","","","",""
"Wylis-Manderly","Wylis Manderly","","Ser","","House Manderly","",""
"Wyman-Manderly","Wyman Manderly","","Lord of White Harbor;Warden of the White Knife;Shield of the Faith;Defender of the Dispossessed;Lord Marshal of the Mander;Knight of the Order of the Green Hand","Wyman Manderly;Lord Lamprey;Lord Too-Fat-to-Sit-a-Horse;Lord Pig;Lord Lard","House Manderly","",""
"Wynafrei-Whent","Wynafrei Whent","","","","House Whent","",""
"Xaro-Xhoan-Daxos","Xaro Xhoan Daxos","","","","the Thirteen","","Qartheen"
"Ygritte","Ygritte","","","","Mance Rayder","","Wildling"
"Yohn-Royce","Yohn Royce","","Lord of Runestone","Yohn Royce;Bronze Yohn","House Royce;Lords Declarant","","Valemen"
"Yoren","Yoren","","","","Night's Watch","","Westeros"
"Zachery-Frey","Zachery Frey","","","","House Frey","",""
"Zhoe-Blanetree","Zhoe Blanetree","","","","House Blanetree","",""
"Zia-Frey","Zia Frey","","","","House Frey","",""
