"Id","Name","Full Name","Title","Alias","Allegiance","Royal House","Culture"
"Addam-Marbrand","Addam Marbrand","","Ser;Commander of the City Watch;","","House Marbrand;","",""
"Aegon-Frey-(son-of-Aenys)","Aegon Frey (son of Aenys)","","","Aegon Frey (son of Aenys);Aegon Bloodborn;","House Frey;","",""
"Aegon-I-Targaryen","Aegon I Targaryen","Aegon Targaryen the First of His Name","","Aegon I Targaryen;Aegon the Conqueror;Aegon the Dragon;Aegon the Dragonlord","House Targaryen","House Targaryen",""
"Aegon-IV-Targaryen","Aegon IV Targaryen","Aegon Targaryen the Fourth of His Name","","Aegon IV Targaryen;Aegon the Unworthy","House Targaryen","House Targaryen",""
"Aegon-V-Targaryen","Aegon V Targaryen","Aegon Targaryen the Fifth of His Name","","Aegon V Targaryen;Aegon the Unlikely;Aegon the Fortunate;Egg;The Prince Who Was An Egg","House Targaryen","House Targaryen",""
"Aegon-Targaryen-(son-of-Rhaegar)","Aegon Targaryen (son of Rhaegar)","","","Aegon Targaryen (son of Rhaegar);Young Griff","House Targaryen","","Valyrian"
"Aegor-Rivers","Aegor Rivers","","Ser","Aegor Rivers;Bittersteel","House Bracken;House Blackfyre;Second Sons;Golden Company","",""
"Aemon-Estermont","Aemon Estermont","","Ser","","House Estermont","","Stormlands"
"Aemon-Targaryen-(Dragonknight)","Aemon Targaryen (Dragonknight)","","Prince;Ser;Lord Commander of the Kingsguard","Aemon Targaryen (Dragonknight);The Dragonknight;The Knight of Tears","House Targaryen;Kingsguard","","Valyrian"
"Aemon-Targaryen-(Maester-Aemon)","Aemon Targaryen (Maester Aemon)","","Maester","Aemon Targaryen (Maester Aemon);Aemon Targaryen;Maester Aemon;Uncle Maester","Night's Watch","","Valyrian"
"Aemond-Targaryen","Aemond Targaryen","","Prince;Protector of the Realm;Prince Regent","Aemond Targaryen;Aemond One-Eye Aemond the Kinslayer","House Targaryen;Greens","","Valyrian"
"Aenys-Frey","Aenys Frey","","Ser","","House Frey","",""
"Aerion-Targaryen","Aerion Targaryen","","Prince","Aerion Targaryen;Aerion Brightflame;Aerion Brightfire;Aerion the Monstrous;The Bright Prince;The Prince Who Thought He Was a Dragon","House Targaryen;Second Sons","","Valyrian"
"Aeron-Greyjoy","Aeron Greyjoy","","Priest of the Drowned God;Captain of the Golden Storm (formerly)","Aeron Greyjoy;The Damphair;Aeron Damphair","House Greyjoy;Drowned men","","Ironmen"
"Aerys-II-Targaryen","Aerys II Targaryen","Aerys Targaryen the Second of His Name","","Aerys II Targaryen;The Mad King;King Scab","House Targaryen","House Targaryen",""
"Aggar","Aggar","","","","House Greyjoy","",""
"Aggo","Aggo","","Ko Bloodrider of Daenerys Targaryen","","House Targaryen","","Dothraki"
"Aglantine","Aglantine","","Septa","","Faith of the Seven","",""
"Alan","Alan","","","","Night's Watch","",""
"Alannys-Harlaw","Alannys Harlaw","","Queen of the Iron Islands","Alannys Harlaw;Lanny","House Greyjoy;House Harlaw","","Ironborn"
"Alayaya","Alayaya","","","Alayaya;'Yaya","Chataya's brothel","",""
"Albar-Royce","Albar Royce","","Ser","","House Royce of the Gates of the Moon","",""
"Albett","Albett","","","Albett;Pimple","Night's Watch","",""
"Alerie-Hightower","Alerie Hightower","","Lady of Highgarden","","House Hightower;House Tyrell","",""
"Alesander-Torrent","Alesander Torrent","","Lord of Littlesister","","House Torrent","",""
"Alester-Florent","Alester Florent","","Lord of Brightwater;Hand of the King","","House Florent","",""
"Alfyn","Alfyn","","","Alfyn;Alfyn Crowkiller","","","Free Folk"
"Alla-Tyrell","Alla Tyrell","","","","House Tyrell","",""
"Allard-Seaworth","Allard Seaworth","","Captain of the Lady Marya","","House Seaworth","",""
"Alliser-Thorne","Alliser Thorne","","Ser","","House Thorne;Night's Watch","",""
"Alyce-Graceford","Alyce Graceford","","Lady","","House Graceford","",""
"Alyn","Alyn","","","","House Stark","",""
"Alyn-Ambrose","Alyn Ambrose","","","","House Ambrose","",""
"Alyn-Estermont","Alyn Estermont","","Ser","","House Estermont","","Stormlands"
"Alyn-Stackspear","Alyn Stackspear","","Ser","","House Stackspear","",""
"Alyn-Velaryon","Alyn Velaryon","","Lord of the Tides;Master of Driftmark;Admiral;Master of ships","Alyn Velaryon;Alyn of Hull;The Oakenfist;Lord Oakenfist","House Velaryon;House Targaryen;Blacks","","Valyrian"
"Alys-Karstark","Alys Karstark","","","","House Karstark;House Thenn","","Northmen"
"Alysane-Mormont","Alysane Mormont","","","Alysane Mormont;Aly;The Young She-Bear;The She-Bear","House Mormont","","Northmen"
"Alysanne-Bracken","Alysanne Bracken","","","","House Bracken","",""
"Alysanne-Bulwer","Alysanne Bulwer","","Lady of Blackcrown","","House Bulwer","",""
"Alysanne-Lefford","Alysanne Lefford","","Lady of Golden Tooth","","House Lefford","",""
"Alyssa-Blackwood","Alyssa Blackwood","","Lady","","House Blackwood;House Frey","",""
"Amarei-Crakehall","Amarei Crakehall","","","","House Crakehall;House Frey","",""
"Amory-Lorch","Amory Lorch","","Ser;Castellan of Harrenhal","Amory Lorch;The Manticore","House Lorch;House Lannister","",""
"Andar-Royce","Andar Royce","","Ser","","House Royce","","Valemen"
"Anders-Yronwood","Anders Yronwood","","Lord of Yronwood;The Bloodroyal;Warden of the Stone Way","","House Yronwood","","Dornishmen"
"Andrew-Estermont","Andrew Estermont","","Ser","","House Estermont;King's men","",""
"Andrik","Andrik","","Lord of Southshield","Andrik;Andrik the Unsmiling","House Drumm","","Ironborn"
"Annara-Farring","Annara Farring","","Lady","","House Farring;House Frey","",""
"Antario-Jast","Antario Jast","","Lord","","House Jast","",""
"Anya-Waynwood","Anya Waynwood","","Lady of Ironoaks","","House Waynwood;Lords Declarant","",""
"Archibald-Yronwood","Archibald Yronwood","","Ser","Archibald Yronwood;Big Man;Ser Greenguts","House Yronwood;Windblown","","Dornishmen"
"Areo-Hotah","Areo Hotah","","Captain of the Guard at Sunspear","","House Martell","","Norvos"
"Arianne-Martell","Arianne Martell","","Princess","","House Martell","","Dornishmen"
"Arnolf-Karstark","Arnolf Karstark","","Castellan of Karhold","Arnolf Karstark;Lord Arnolf","House Karstark","","Northmen"
"Arron","Arron","","","","Night's Watch","",""
"Arthor-Karstark","Arthor Karstark","","","","House Karstark","","Northmen"
"Arthur-Ambrose","Arthur Ambrose","","Lord","","House Ambrose","",""
"Arthur-Dayne","Arthur Dayne","","Ser;Sword of the Morning","","House Dayne;Kingsguard","","Dornishmen"
"Artos-Stark","Artos Stark","","","Artos Stark;Artos the Implacable","House Stark","","Northmen"
"Arwyn-Frey","Arwyn Frey","","","","House Frey","",""
"Arwyn-Oakheart","Arwyn Oakheart","","Lady of Old Oak","","House Oakheart","",""
"Arya-Stark","Arya Stark","","Princess","Arya Stark;Arya Horseface;Arya Underfoot;Arry;Lumpyface/Lumpyhead;Stickboy;Weasel;Nymeria/Nan;Squab;Salty;Cat of the Canals;Beth;The Blind Girl;The Ugly Little Girl;Mercedene/Mercy","House Stark;Faceless Men","","Northmen"
"Arys-Oakheart","Arys Oakheart","","Ser","","House Oakheart;Kingsguard","","Reach"
"Asha-Greyjoy","Asha Greyjoy","","Princess;Captain of the Black Wind;Conqueror of Deepwood Motte","Asha Greyjoy;Esgred;The Kraken's Daughter","House Greyjoy;House Ironmaker (forced marriage)","","Ironborn"
"Ashara-Dayne","Ashara Dayne","","","","House Dayne","","Dornishmen"
"Aurane-Waters","Aurane Waters","","Grand admiral (master of ships)Lord of the Waters;","Aurane Waters;Bastard of Driftmark;Lord Waters;","House Velaryon","","Valyrian"
"Axell-Florent","Axell Florent","","Ser;Castellan of Dragonstone (formerly)Hand of the Queen (self-styled)","","House Florent;Queen's men","",""
"Azzak","Azzak","","Cupbearer","","House of Ghazeen","","Ghiscari"
"Azor-Ahai","Azor Ahai","","","Azor Ahai;Warrior of Light;Son of Fire;Warrior of Fire;Hyrkoon the Hero;Yin Tar;Neferion;Eldric Shadowchaser","","","Asshai"
"Baelor-I-Targaryen","Baelor I Targaryen","Baelor Targaryen the First of His Name","","Baelor I Targaryen;Baelor the Beloved;Baelor the Blessed;Baelor the Befuddled","House Targaryen","House Targaryen",""
"Ballabar","Ballabar","","Maester","","House Redwyne","",""
"Balman-Byrch","Balman Byrch","","Ser","","House Byrch","",""
"Balon-Greyjoy","Balon Greyjoy","Balon Greyjoy, the Ninth of His Name Since the Grey King","","Balon Greyjoy;Balon the Brave;Balon the Blessed;Balon the Twice Crowned;Balon the Widowmaker;The Kraken King","House Greyjoy","House Greyjoy",""
"Balon-Swann","Balon Swann","","Ser","","House Swann;Kingsguard","","Stormlander"
"Barba-Bracken","Barba Bracken","","","","House Bracken","",""
"Barbara-Bracken","Barbara Bracken","","","","House Bracken","",""
"Barbrey-Dustin","Barbrey Dustin","","Lady of Barrowton","","House Ryswell;House Dustin","","Northmen"
"Barra","Barra","","","","House Baratheon","",""
"Barristan-Selmy","Barristan Selmy","","Ser;Lord Commander of the Kingsguard (former)Hand of the Queen","Barristan Selmy;Barristan the Bold;Arstan Whitebeard;Ser Grandfather;Barristan the Old;Old Ser","House Selmy;House Targaryen;Kingsguard;Queensguard","","Westeros"
"Barsena-Blackhair","Barsena Blackhair","","","Barsena Blackhair;Barsena Blackhair","","","Ghiscari"
"Barth","Barth","","Septon;Hand of the King","","Faith of the Seven;House Targaryen","",""
"Bayard-Norcross","Bayard Norcross","","Ser","","House Norcross","",""
"Bearded-Ben","Bearded Ben","","","","Night's Watch","",""
"Bedwyck","Bedwyck","","","Bedwyck;Giant","Night's Watch","",""
"Belaquo-Bonebreaker","Belaquo Bonebreaker","","","Belaquo Bonebreaker;Belaquo Bonebreaker","House of Loraq","","Ghiscari"
"Belwas","Belwas","","","Belwas;Strong Belwas;Belwas the Strong","House Targaryen;Queensguard;Ruling council of Meereen","","Meereenese"
"Ben-Bones","Ben Bones","","","Ben Bones;Ben Bones","House Bolton","",""
"Ben-Plumm","Ben Plumm","","Commander of the Second Sons","Ben Plumm;Brown Ben Plumm","Second Sons","",""
"Benedar-Belmore","Benedar Belmore","","Lord of Strongsong","","House Belmore;Lords Declarant","",""
"Benedict-Broom","Benedict Broom","","Ser;Master-at-arms at Casterly Rock","","House Broom;House Lannister","",""
"Benfred-Tallhart","Benfred Tallhart","","","","House Tallhart","","Northmen"
"Benfrey-Frey","Benfrey Frey","","Ser","","House Frey","",""
"Benjen-Stark","Benjen Stark","","First Ranger","Benjen Stark;The Wolf Pup;Ben Stark","House Stark;Night's Watch","","Northmen"
"Beren-Tallhart","Beren Tallhart","","","","House Tallhart","","Northmen"
"Berena-Hornwood","Berena Hornwood","","","","House Hornwood;House Tallhart","","Northmen"
"Beric-Dondarrion","Beric Dondarrion","","Lord of Blackhaven","Beric Dondarrion;The Lightning Lord;The Lord of Corpses;Lord Derik","House Dondarrion Brotherhood without banners","",""
"Beron-Blacktyde","Beron Blacktyde","","","Beron Blacktyde;Blind Beron Blacktyde","House Blacktyde;Drowned men","",""
"Bess-Bracken","Bess Bracken","","","","House Bracken","",""
"Beth-Cassel","Beth Cassel","","","","House Cassel","","Northmen"
"Bethany-Bolton","Bethany Bolton","","Lady of the Dreadfort","","House Bolton;House Ryswell","","Northmen"
"Bethany-Bracken","Bethany Bracken","","","","House Bracken","",""
"Bethany-Rosby","Bethany Rosby","","Lady","","House Rosby;House Frey","",""
"Bhakaz-zo-Loraq","Bhakaz zo Loraq","","Cupbearer","","House of Loraq","","Ghiscari"
"Black-Balaq","Black Balaq","","","Black Balaq;Black Balaq","Golden Company","","Summer Islander"
"Black-Bernarr","Black Bernarr","","","","Night's Watch","",""
"Black-Jack-Bulwer","Black Jack Bulwer","","First Ranger","Black Jack Bulwer;Black Jack Bulwer","Night's Watch","",""
"Blind-Doss","Blind Doss","","","Blind Doss;Blind Doss","","","Free folk"
"Bloodbeard","Bloodbeard","","","","Company of the Cat","",""
"Bonifer-Hasty","Bonifer Hasty","","Ser;Castellan of Harrenhal","Bonifer Hasty;Bonifer the Good;Baelor Butthole","House Hasty;The Holy Hundred","",""
"Boremund-Harlaw","Boremund Harlaw","","Master of Harridan Hill","Boremund Harlaw;Boremund the Blue","House Harlaw of Harridan Hill","","Ironborn"
"Boros-Blount","Boros Blount","","Ser","Boros Blount;Boros the Belly","House Blount;Kingsguard","",""
"Borroq","Borroq","","","","","","Free folk"
"Bowen-Marsh","Bowen Marsh","","Lord Steward;First Steward","Bowen Marsh;Old Pomegranate","Night's Watch","",""
"Brandon-Norrey","Brandon Norrey","","The Norrey;Lord Norrey","","House Norrey","","Northern mountain clans"
"Brandon-Stark","Brandon Stark","","","Brandon Stark;The Wild Wolf","House Stark","","Northmen"
"Bran-Stark","Bran Stark","","Prince of Winterfell;","Bran Stark;Bran;Bran the Broken;The Winged Wolf","House Stark","","Northmen"
"Bran-the-Builder","Bran the Builder","","King of Winter","Bran the Builder;Bran the Builder","House Stark","","First Men"
"Brandon-Tallhart","Brandon Tallhart","","","","House Tallhart","","Northmen"
"Briar","Briar","","","","","","Free Folk"
"Brienne-of-Tarth","Brienne of Tarth","","","Brienne of Tarth;Brienne of Tarth;The Maid of Tarth;Brienne the Beauty;Brienne the Blue","House Tarth;House Baratheon of Storm's End;Rainbow Guard;House Tully","",""
"Brogg","Brogg","","","","","","Free Folk"
"Bronn","Bronn","","Ser","Bronn;Ser Bronn of the Blackwater;Lord Stokeworth","House Stokeworth","",""
"Brusco","Brusco","","","Brusco;Big Brusco","","","Braavosi"
"Bryce-Caron","Bryce Caron","","Lord of Nightsong;Lord of the Marches","Bryce Caron;Bryce the Orange","House Caron;Rainbow Guard (former)House Baratheon of Dragonstone","",""
"Bryen-Farring","Bryen Farring","","","","House Farring","",""
"Brynden-Rivers","Brynden Rivers","","Ser;Hand of the King;Lord Commander of the Night's Watch;","Brynden Rivers;Lord Bloodraven;The three-eyed crow","House Targaryen;Night's Watch","","Valyrian"
"Brynden-Tully","Brynden Tully","","Ser;Warden of the Southern Marches;Knight of the Gate (formerly)","Brynden Tully;Blackfish;Ser Brynden the Blackfish;Brynden Blackfish","House Tully;House Arryn (formerly)","","Rivermen"
"Bump","Bump","","","","","","Free folk"
"Butterbumps","Butterbumps","","","Butterbumps;Butterbumps","House Tyrell","",""
"Byron","Byron","","Ser","Byron;Byron the Beautiful","House Baelish","",""
"Caleotte","Caleotte","","Maester","","House Martell","",""
"Camarron-of-the-Count","Camarron of the Count","","","Camarron of the Count;Camarron of the Count","House of Loraq","","Ghiscari"
"Cassana-Estermont","Cassana Estermont","","","","House Estermont;House Baratheon","",""
"Lord-Caswell","Lord Caswell","","Lord of Bitterbridge;Defender of the Fords","","House Caswell","",""
"Catelyn-Bracken","Catelyn Bracken","","","","House Bracken","",""
"Catelyn-Stark","Catelyn Stark","","Lady of Winterfell","Catelyn Stark;Catelyn Tully;Cat;Lady Stoneheart;The Silent Sister;Mother Merciless;The Hangwoman","House Tully;House Stark;Brotherhood without banners","","Rivermen"
"Cellador","Cellador","","Septon","Cellador;Celladar;","Night's Watch","",""
"Cerenna-Lannister","Cerenna Lannister","","","","House Lannister","",""
"Cersei-Lannister","Cersei Lannister","","Light of the West;Queen Dowager;Protector of the Realm;Lady of Casterly Rock;Queen Regent","","House Lannister","","Westerlands"
"Cheyk","Cheyk","","","","Black Ears","",""
"Clayton-Suggs","Clayton Suggs","","Ser","","House Suggs;House Baratheon of Dragonstone;Queen's men","",""
"Clement-Piper","Clement Piper","","Lord of Pinkmaiden","","House Piper","","Rivermen"
"Cleon","Cleon","","King of Astapor","Cleon;Cleon the Great;The Butcher King;King Cleaver","","","Astapori"
"Cleos-Frey","Cleos Frey","","Ser","","House Frey;House Lannister","",""
"Cletus-Yronwood","Cletus Yronwood","","Ser","","House Yronwood","","Dornishmen"
"Cley-Cerwyn","Cley Cerwyn","","Lord of Cerwyn","","House Cerwyn","","Northmen"
"Clubfoot-Karl","Clubfoot Karl","","","Clubfoot Karl;Clubfoot Karl","Night's Watch","",""
"Clydas","Clydas","","","","Night's Watch","",""
"Coldhands","Coldhands","","","","Three-eyed crow","",""
"Colemon","Colemon","","Maester","","House Arryn","",""
"Colmar-Frey","Colmar Frey","","","","House Frey","",""
"Conwy","Conwy","","","","Night's Watch","",""
"Corliss-Penny","Corliss Penny","","Ser","","House Penny;House Baratheon of Dragonstone;Queen's men","",""
"Cotter-Pyke","Cotter Pyke","","Commander of Eastwatch-by-the-Sea","","Night's Watch","","Ironborn"
"Cragorn","Cragorn","","","","House Greyjoy","",""
"Craster","Craster","","","","","","Free Folk"
"Crawn","Crawn","","","","Moon Brothers","","Vale mountain clans"
"Cregan-Karstark","Cregan Karstark","","","","House Karstark","","Northmen"
"Creighton-Redfort","Creighton Redfort","","Ser","","House Redfort","","Valemen"
"Cuger","Cuger","","","","Night's Watch","",""
"Daario-Naharis","Daario Naharis","","","","Stormcrows","","Tyroshi"
"Dacey-Mormont","Dacey Mormont","","","","House Mormont","","Northmen"
"Daegon-Shepherd","Daegon Shepherd","","","Daegon Shepherd;The Black Shepherd","House Shepherd","","Ironborn"
"Daemon-I-Blackfyre","Daemon I Blackfyre","","Ser;King of the Andals, the Rhoynar and the First Men (claimant)Lord of the Seven Kingdoms (claimant)Protector of the Ream (claimant)","Daemon I Blackfyre;Daemon Waters;The Black Dragon;The King Who Bore the Sword;The Pretender","House Blackfyre","","Valyrian"
"Daemon-Sand","Daemon Sand","","Ser","Daemon Sand;Bastard of Godsgrace","House Allyrion","","Dornishmen"
"Daenerys-Targaryen-(daughter-of-Aegon-IV)","Daenerys Targaryen (daughter of Aegon IV)","","Princess","","House Targaryen;House Martell","",""
"Daenerys-Targaryen","Daenerys Targaryen","Daenerys Targaryen the First of Her Name","","Daenerys Targaryen;Dany;Daenerys Stormborn;The Unburnt;Mother of Dragons;Mhysa (mother)The Silver Queen;Silver Lady;Dragonmother;The Dragon Queen;","House Targaryen","House Targaryen","Valyrian"
"Daeron-I-Targaryen","Daeron I Targaryen","Daeron Targaryen the First of His Name","","Daeron I Targaryen;The Young Dragon;The Boy King","House Targaryen","House Targaryen",""
"Daeron-II-Targaryen","Daeron II Targaryen","Daeron Targaryen the Second of His Name","","Daeron II Targaryen;Daeron the Good;Daeron the Falseborn","House Targaryen","House Targaryen",""
"Dagmer","Dagmer","","Captain of Foamdrinker","Dagmer;Dagmer Cleftjaw","House Greyjoy","","Ironborn"
"Dagon-Greyjoy","Dagon Greyjoy","","Lord Reaper of Pyke;Lord of the Iron Islands","","House Greyjoy","","Ironborn"
"Dagos-Manwoody","Dagos Manwoody","","Lord of Kingsgrave","","House Manwoody","",""
"Dalbridge","Dalbridge","","","Dalbridge;Squire Dalbridge","Night's Watch","",""
"Dale-Seaworth","Dale Seaworth","","Captain of the Wraith","","House Seaworth","",""
"Dalla","Dalla","","","","","","Free Folk"
"Damion-Lannister","Damion Lannister","","Ser;Castellan of Casterly Rock","","House Lannister","",""
"Damon-Dance-for-Me","Damon Dance-for-Me","","","Damon Dance-for-Me;Damon Dance-for-Me","House Bolton","",""
"Dancy","Dancy","","","","Chataya's brothel","",""
"Danny-Flint","Danny Flint","","","","House Flint;Night's Watch","","Northmen"
"Danwell-Frey","Danwell Frey","","Ser","","House Frey","",""
"Dareon","Dareon","","","Dareon;The Black Singer Lover ;","Night's Watch","",""
"Darlessa-Marbrand","Darlessa Marbrand","","","","House Marbrand;House Lannister","",""
"Daryn-Hornwood","Daryn Hornwood","","","","House Hornwood","","Northmen"
"Daven-Lannister","Daven Lannister","","Ser;Warden of the West","","House Lannister","","Westerman"
"Davos-Seaworth","Davos Seaworth","","Ser;Lord of the Rainwood;Admiral of the Narrow Sea;Hand of the King;","Davos Seaworth;Onion Knight;Davos Shorthand;The Knight of Onions;Ser Onions;Onion Lord;Smuggler","House Seaworth;House Baratheon of Dragonstone","","Westeros"
"Delonne-Allyrion","Delonne Allyrion","","Lady of Godsgrace","","House Allyrion","","Dornish"
"Delp","Delp","","","","House Tully","",""
"Denys-Mallister","Denys Mallister","","Ser","","House Mallister;Night's Watch","",""
"Desmond","Desmond","","","","House Stark","",""
"Devan-Seaworth","Devan Seaworth","","","","House Seaworth;House Baratheon of Dragonstone","",""
"Devyn-Sealskinner","Devyn Sealskinner","","","Devyn Sealskinner;Devyn Sealskinner","","","Free Folk"
"Deziel-Dalt","Deziel Dalt","","The Knight of Lemonwood","","House Dalt","",""
"Dhazzar","Dhazzar","","Cupbearer","Dhazzar;The dancer","","","Ghiscari"
"Dickon-Tarly","Dickon Tarly","","","","House Tarly","",""
"Dirk","Dirk","","","","Night's Watch","",""
"Dolf","Dolf","","","","Stone Crows","","Vale mountain clans"
"Domeric-Bolton","Domeric Bolton","","","","House Bolton","","Northmen"
"Donal-Noye","Donal Noye","","","","House Baratheon;Night's Watch","",""
"Donella-Hornwood","Donella Hornwood","","Lady of Hornwood","","House Manderly;House Hornwood","","Northmen"
"Donnel-Hill","Donnel Hill","","","Donnel Hill;Sweet Donnel Hill","Night's Watch","",""
"Donnel-Waynwood","Donnel Waynwood","","Ser;Knight of the Gate","","House Waynwood","",""
"Doran-Martell","Doran Martell","","Prince of Dorne;Lord of Sunspear","","House Nymeros Martell","","Dornish"
"Dorea-Sand","Dorea Sand","","","","House Martell","","Dornishmen"
"Doreah","Doreah","","","","House Targaryen","","Lysene"
"Dormund","Dormund","","","","","","Free Folk"
"Draqaz","Draqaz","","Cupbearer","","","","Ghiscari"
"Drogo","Drogo","","Khal","Drogo;Great Rider;Great Khal","","","Dothraki"
"Dryn","Dryn","","","","","","Free Folk"
"Dunk","Dunk","","Ser;Lord Commander of the Kingsguard","Dunk;Dunk;Duncan the Tall;Dunk the Lunk;Ser Giant;The Gallows Knight","Kingsguard","","Crownlands"
"Duncan-Targaryen","Duncan Targaryen","","Prince of Dragonstone (renounced)","Duncan Targaryen;Prince Duncan the Small;Prince of Dragonflies","House Targaryen","",""
"Dunsen","Dunsen","","","","House Clegane","",""
"Dunstan-Drumm","Dunstan Drumm","","Lord of Old Wyk;Captain of the Thunderer","Dunstan Drumm;The Drumm;The Bone Hand","House Drumm","","Ironborn"
"Dywen","Dywen","","","","Night's Watch","",""
"Ebben","Ebben","","","","Night's Watch","",""
"Eddara-Tallhart","Eddara Tallhart","","Lady of Torrhen's Square","","House Tallhart","","Northmen"
"Eddard-Karstark","Eddard Karstark","","","Eddard Karstark;Edd","House Karstark","","Northmen"
"Eddard-Stark","Eddard Stark","","Lord of Winterfell;Warden of the North;Hand of the King;Protector of the Realm;Regent","Eddard Stark;Ned;The Ned;The Quiet Wolf","House Stark","","Northmen"
"Eddison-Tollett","Eddison Tollett","","","Eddison Tollett;Dolorous Edd","House Tollett;Night's Watch","","Valemen"
"Edmure-Tully","Edmure Tully","","Ser;Lord Paramount of the Trident (lost to Petyr Baelish)Lord of Riverrun (lost to Emmon Frey)","","House Tully","","Rivermen"
"Edric-Storm","Edric Storm","","","","House Baratheon","",""
"Edrick-Stark","Edrick Stark","","King in the North;Lord of Winterfell","Edrick Stark;Edrick Snowbeard","House Stark","","Northmen"
"Egon-Emeros","Egon Emeros","","","Egon Emeros;Egon Emeros the Exquisite","Pureborn","","Qartheen"
"Elaena-Targaryen","Elaena Targaryen","","Princess","","House Targaryen;House Plumm;House Penrose;House Manwoody","","Valyrian"
"Eldon-Estermont","Eldon Estermont","","Ser;Lord of Greenstone;","","House Estermont","","Stormlands"
"Eleanor-Mooton","Eleanor Mooton","","","","House Mooton;House Tarly","",""
"Elia-Sand","Elia Sand","","","Elia Sand;El;Lady Lance;","House Martell","","Dornishmen"
"Elia-Martell","Elia Martell","","Princess","Elia Martell;Elia of Dorne","House Martell;House Targaryen","",""
"Elinor-Tyrell","Elinor Tyrell","","","","House Tyrell","",""
"Ellaria-Sand","Ellaria Sand","","","Ellaria Sand;The serpent's whore","House Uller;House Martell","","Dornish"
"Elmar-Frey","Elmar Frey","","","","House Frey","",""
"Elron","Elron","","","","Night's Watch","",""
"Elwood","Elwood","","","","House Tully","",""
"Elwood-Meadows","Elwood Meadows","","Lord of Grassy Vale","","House Meadows;House Baratheon of Dragonstone","","Reach"
"Elza","Elza","","","Elza;Ella","House of Galare","","Meereenese"
"Emmon-Frey","Emmon Frey","","Lord of Riverrun","Emmon Frey;Emm","House Frey of Riverrun;House Lannister","",""
"Emrick","Emrick","","","","Night's Watch","",""
"Eon-Hunter","Eon Hunter","","Lord of Longbow Hall","Eon Hunter;Old Lord Hunter","House Hunter","",""
"Erik-Ironmaker","Erik Ironmaker","","Lord Steward of the Iron Islands;Castellan of Pyke","Erik Ironmaker;Erik the Just;Erik Anvil-Breaker","House Ironmaker;House Greyjoy","","Ironborn"
"Ermesande-Hayford","Ermesande Hayford","","Lady of Hayford","","House Hayford;House Lannister","",""
"Eroeh","Eroeh","","","","","","Lhazareen"
"Euron-Greyjoy","Euron Greyjoy","Euron Greyjoy, the Third of His Name Since the Grey King","","Euron Greyjoy;Crow's Eye;Euron Crow's Eye","House Greyjoy","House Greyjoy","Ironborn"
"Eustace-Hunter","Eustace Hunter","","Ser","","House Hunter","",""
"Ezzara","Ezzara","","Blue Grace","","","","Ghiscari"
"Falia-Flowers","Falia Flowers","","","","House Hewett","",""
"Falyse-Stokeworth","Falyse Stokeworth","","","","House Stokeworth;House Byrch","",""
"Farlen","Farlen","","","","House Stark","",""
"Fearless-Ithoke","Fearless Ithoke","","","Fearless Ithoke;Fearless Ithoke","House of Loraq","","Ghiscari"
"Ferrego-Antaryon","Ferrego Antaryon","","Sealord of Braavos","","","","Braavosi"
"Flement-Brax","Flement Brax","","Ser","","House Brax","",""
"Franklyn-Fowler","Franklyn Fowler","","Lord of Skyreach;Warden of the Prince's Pass","Franklyn Fowler;The Old Hawk","House Fowler","","Dornishmen"
"Frenken","Frenken","","Maester","","","",""
"Frenya","Frenya","","","","","","Free Folk"
"Galazza-Galare","Galazza Galare","","Green Grace","","Graces;House of Galare","","Ghiscari"
"Galbart-Glover","Galbart Glover","","Master of Deepwood Motte","","House Glover","","Northmen"
"Garin-(Prince)","Garin (Prince)","","Prince","Garin (Prince);Garin the Great","Rhoynar","","Rhoynar"
"Garlan-Tyrell","Garlan Tyrell","","Ser;Lord of Brightwater Keep","Garlan Tyrell;Garlan the Gallant;Renly's ghost;Lord Renly's shade","House Tyrell of Brightwater Keep","",""
"Garrett-Flowers","Garrett Flowers","","","","House Tyrell","",""
"Garrett-Paege","Garrett Paege","","","","House Paege","",""
"Garrison-Prester","Garrison Prester","","Lord of Feastfires","","House Prester","",""
"Garse-Flowers","Garse Flowers","","","","House Tyrell","",""
"Garth-of-Greenaway","Garth of Greenaway","","","","Night's Watch","",""
"Garth-Greenfield","Garth Greenfield","","The Knight of Greenfield;Ser","","House Greenfield","","Westerman"
"Garth-Greyfeather","Garth Greyfeather","","","","Night's Watch","",""
"Garth-Tyrell","Garth Tyrell","","Lord Seneschal","Garth Tyrell;Garth the Gross","House Tyrell","",""
"Gascoyne","Gascoyne","","Ser","Gascoyne;Gascoyne of the Greenblood","House Martell","",""
"Gavin","Gavin","","","Gavin;Gavin the Trader","","","Free Folk"
"Gawen-Westerling","Gawen Westerling","","Lord of the Crag","","House Westerling","","Westermen"
"Gelmarr","Gelmarr","","","Gelmarr;The Grim","House Greyjoy","",""
"Genna-Lannister","Genna Lannister","","Lady","","House Lannister House Frey of Riverrun","",""
"Gerald-Gower","Gerald Gower","","Ser","","House Gower;King's men","",""
"Gerion-Lannister","Gerion Lannister","","","Gerion Lannister;Gery","House Lannister","",""
"Gerold-Dayne","Gerold Dayne","","Ser;Knight of High Hermitage;","Gerold Dayne;Darkstar","House Dayne of High Hermitage","","Dorne"
"Gerold-Grafton","Gerold Grafton","","Lord of Gulltown","","House Grafton","",""
"Gerrick-Kingsblood","Gerrick Kingsblood","","King of the Wildlings","Gerrick Kingsblood;Gerrick Kingsblood","House Redbeard","","Free folk"
"Gerris-Drinkwater","Gerris Drinkwater","","Ser","Gerris Drinkwater;Drink;Dornish Gerrold","House Drinkwater;Windblown","","Dornishmen"
"Ghael","Ghael","","Lord","","","","Astapori"
"Ghost-of-High-Heart","Ghost of High Heart","","","Ghost of High Heart;The woods witch","","",""
"Gilbert-Farring","Gilbert Farring","","Ser","","House Farring","",""
"Gilly","Gilly","","","Gilly;the rabbit keeper ;","","","Free Folk"
"Gilwood-Hunter","Gilwood Hunter","","Ser;Lord of Longbow Hall","Gilwood Hunter;Young Lord Hunter","House Hunter","",""
"Glendon-Hewett","Glendon Hewett","","Ser","","House Hewett;Night's Watch","",""
"Goady","Goady","","","","Night's Watch","",""
"Godric-Borrell","Godric Borrell","","Lord of Sweetsister;Shield of Sisterton;Master of Breakwater Castle;Keeper of the Night Lamp","","House Borrell","","Sistermen"
"Godry-Farring","Godry Farring","","Ser","Godry Farring;Godry the Giantslayer","House Farring;House Baratheon of Dragonstone;Queen's men","",""
"Goghor-the-Giant","Goghor the Giant","","","Goghor the Giant;Goghor the Giant","House of Loraq","","Ghiscari"
"Gormon-Tyrell","Gormon Tyrell","","Maester","Gormon Tyrell;Maester Gormon","The Citadel","",""
"Gorold-Goodbrother","Gorold Goodbrother","","Lord of Hammerhorn","","House Goodbrother","","Ironborn"
"Grazdan-mo-Eraz","Grazdan mo Eraz","","","","Wise Masters;House of Eraz","","Ghiscari"
"Grazdan-zo-Galare","Grazdan zo Galare","","","","House of Galare","","Meereenese"
"Grazdar-zo-Galare","Grazdar zo Galare","","Cupbearer","Grazdar zo Galare;Grazhar","House of Galare","","Ghiscari"
"Great-Walrus","Great Walrus","","","","","","Free Folk"
"Gregor-Clegane","Gregor Clegane","","Ser;Knight of Clegane's Keep","Gregor Clegane;The Mountain That Rides;The Mountain;The Great Dog;The Enormity That Rides","House Clegane;House Lannister","",""
"Grenn","Grenn","","","Grenn;Aurochs","Night's Watch","","Westeros"
"Gretchel","Gretchel","","","","House Arryn","",""
"Grey-King","Grey King","","","","","","Ironborn"
"Grey-Worm","Grey Worm","","","","The Unsullied;House Targaryen","",""
"Grisella","Grisella","","","","","","Free Folk"
"Groleo","Groleo","","Captain;Lord Admiral;","","House Targaryen","","Pentoshi"
"Grubbs","Grubbs","","","","Night's Watch","",""
"Grunt","Grunt","","","","House Bolton","","Northmen"
"Guthor-Grimm","Guthor Grimm","","Lord of Greyshield","","House Grimm","",""
"Guyard-Morrigen","Guyard Morrigen","","Ser","Guyard Morrigen;Guyard the Green","House Morrigen;Rainbow Guard","",""
"Gylbert-Farwynd","Gylbert Farwynd","","Lord of the Lonely Light","","House Farwynd of the Lonely Light","","Ironborn"
"Gyles-Rosby","Gyles Rosby","","Lord of Rosby;Lord Treasurer;Master of Coin","Gyles Rosby;The Cougher","House Rosby","",""
"Gynir","Gynir","","","Gynir;Gynir Rednose  Rednose","House Greyjoy","",""
"Haggon","Haggon","","","","","","Free Folk"
"Hairy-Hal","Hairy Hal","","","","Night's Watch","",""
"Halder","Halder","","","Halder;Stone Head ; ;","Night's Watch","",""
"Haldon","Haldon","","","Haldon;Haldon Halfmaester","House Targaryen","",""
"Halmon-Paege","Halmon Paege","","Ser","","House Paege","",""
"Hamish-the-Harper","Hamish the Harper","","","Hamish the Harper;Hamish the Harper","","",""
"Hareth-(Mole's-Town)","Hareth (Mole's Town)","","","Hareth (Mole's Town);Horse","Night's Watch","",""
"Harghaz","Harghaz","","","Harghaz;Harghaz the Hero;Harghaz the Dragonslayer","","","Ghiscari"
"Harlan-Hunter","Harlan Hunter","","Ser","","House Hunter","",""
"Harle-the-Handsome","Harle the Handsome","","","Harle the Handsome;Harle the Handsome","","","Free Folk"
"Harle-the-Huntsman","Harle the Huntsman","","","Harle the Huntsman;Harle the Huntsman","","","Free Folk"
"Harma","Harma","","","Harma;Harma the Dogshead;Harma Dogshead","","","Wildlings"
"Harmen-Uller","Harmen Uller","","Lord of Hellholt","","House Uller","",""
"Harmond-Umber","Harmond Umber","","Lord of the Last Hearth","Harmond Umber;The Drunken Giant","House Umber","","Northmen"
"Harmune","Harmune","","Maester","","Night's Watch","",""
"Harras-Harlaw","Harras Harlaw","","Ser;Master of Grey Garden;Lord of Greyshield","Harras Harlaw;The Knight of Grey Garden","House Harlaw of Grey Garden","","Ironborn"
"Harren-Half-Hoare","Harren Half-Hoare","","","","","","Ironborn"
"Harrion-Karstark","Harrion Karstark","","Lord of Karhold","Harrion Karstark;Harry","House Karstark","","Northmen"
"Harrold-Hardyng","Harrold Hardyng","","Ser","Harrold Hardyng;Harry the Heir;The Young Falcon;Harry the Arse;","House Hardyng;House Arryn","","Valemen"
"Harry-Strickland","Harry Strickland","","Captain-General","Harry Strickland;Homeless Harry Strickland","House Strickland;Golden Company","",""
"Harsley","Harsley","","","","","",""
"Harwin","Harwin","","","","House Stark;Brotherhood without banners","","Northmen"
"Harwood-Fell","Harwood Fell","","Lord of Felwood","","House Fell;Queen's men","",""
"Harwood-Stout","Harwood Stout","","Lord of Goldgrass","","House Stout;House Dustin","","Northmen"
"Harys-Swyft","Harys Swyft","","Knight of Cornfield;Ser;Hand of the King;Master of coin;Lord treasurer","","House Swyft","",""
"Hazrak-zo-Loraq","Hazrak zo Loraq","","","Hazrak zo Loraq;The Handsome","House of Loraq","","Ghiscari"
"Hazzea","Hazzea","","","","","","Ghiscari"
"Helman-Tallhart","Helman Tallhart","","Ser;Master of Torrhen's Square","","House Tallhart","","Northmen"
"Henly-(Maester)","Henly (Maester)","","Maester","","House Slate","",""
"High-Septon-(fat_one)","High Septon (fat_one)","","High Septon;His High Holiness","High Septon (fat_one);The fat one","Faith of the Seven","",""
"High-Septon-(Tyrions)","High Septon (Tyrions)","","High Septon;His High Holiness","High Septon (Tyrions);The one after the Fat One","Faith of the Seven","",""
"High-Sparrow","High Sparrow","","High Septon;His High Holiness;Father of the Faithful;Voice of the Seven on Earth","High Sparrow;The High Sparrow","Faith of the Seven;Sparrows;Faith Militant","",""
"Hizdahr-zo-Loraq","Hizdahr zo Loraq","Hizdahr zo Loraq, Fourteenth of That Noble Name;","","Hizdahr zo Loraq;Hizdak;Hizdahr of the tepid kisses","House of Loraq","House of Loraq","Ghiscari"
"Hoarfrost-Umber","Hoarfrost Umber","","Lord of the Last Hearth","","House Umber","","Northmen"
"Hobb","Hobb","","","Hobb;Three-Finger Hobb","Night's Watch","",""
"Hobber-Redwyne","Hobber Redwyne","","Ser","Hobber Redwyne;Slobber","House Redwyne","","Reach"
"Hodor","Hodor","","","Hodor;Hodor","House Stark","","Northmen"
"Holly","Holly","","","","","","Free Folk"
"Hop-Robin","Hop-Robin","","","","Night's Watch","",""
"Horas-Redwyne","Horas Redwyne","","Ser","Horas Redwyne;Horror","House Redwyne","","Reach"
"Horton-Redfort","Horton Redfort","","Lord of Redfort","","House Redfort;Lords Declarant","","Valemen"
"Hosteen-Frey","Hosteen Frey","","Ser","Hosteen Frey;Ser Stupid","House Frey","",""
"Hoster-Tully","Hoster Tully","","Lord Paramount of the Trident;Lord of Riverrun","","House Tully","","Rivermen"
"Hother-Umber","Hother Umber","","Castellan of Last Hearth","Hother Umber;Hother Whoresbane;Whoresbane Umber","House Umber","","Northmen"
"Hotho-Harlaw","Hotho Harlaw","","Master of the Tower of Glimmering","Hotho Harlaw;Hotho Humpback","House Harlaw of the Tower of Glimmering","","Ironborn"
"Howd-Wanderer","Howd Wanderer","","","Howd Wanderer;Wanderer","","","Free Folk"
"Howland-Reed","Howland Reed","","Lord of Greywater Watch","","House Reed","","Crannogmen"
"Hugo-Wull","Hugo Wull","","Big Bucket;The Wull","","House Wull","","Northern mountain clans"
"Hugor-of-the-Hill","Hugor of the Hill","","King of the Andals","Hugor of the Hill;Hukko (unconfirmed)","","","Andals"
"Hullen","Hullen","","Master of horse at Winterfell","","House Stark","","Northmen"
"Humfrey-Clifton","Humfrey Clifton","","Ser","","House Clifton;House Baratheon of Dragonstone","",""
"Humfrey-Hewett","Humfrey Hewett","","Lord of Oakenshield","","House Hewett","",""
"Humfrey-Swyft","Humfrey Swyft","","Ser","","House Swyft","",""
"Igon-Vyrwel","Igon Vyrwel","","","","House Vyrwel;House Tyrell","",""
"Illyrio-Mopatis","Illyrio Mopatis","","Magister of Pentos","Illyrio Mopatis;The Cheesemonger;The Fat Man;The Lord of Cheese","House Targaryen","","Pentoshi"
"Ilyn-Payne","Ilyn Payne","","Ser King's Justice","","House Payne","","Westeros"
"Iron-Emmett","Iron Emmett","","","Iron Emmett;Iron Emmett","Night's Watch","",""
"Irri","Irri","","","","House Targaryen","","Dothraki"
"Jaehaerys-I-Targaryen","Jaehaerys I Targaryen","Jaehaerys Targaryen the First of His Name","","Jaehaerys I Targaryen;The Conciliator;The Wise;The Old King","House Targaryen","House Targaryen",""
"Jaehaerys-II-Targaryen","Jaehaerys II Targaryen","Jaehaerys Targaryen the Second of His Name","","","House Targaryen","House Targaryen",""
"Jaime-Lannister","Jaime Lannister","","Ser;Lord Commander of the Kingsguard;Warden of the East (formerly)","Jaime Lannister;The Kingslayer;The Lion of Lannister;The Young Lion;Cripple","House Lannister;Kingsguard","","Westerlands"
"Jalabhar-Xho","Jalabhar Xho","","Prince of the Red Flower Vale","","Summer Islands","","Summer Islands"
"Jammos-Frey","Jammos Frey","","Ser","","House Frey","",""
"Janei-Lannister","Janei Lannister","","","","House Lannister","",""
"Janna-Tyrell","Janna Tyrell","","","","House Tyrell;House Fossoway of New Barrel","",""
"Janos-Slynt","Janos Slynt","","Commander of the City Watch Lord of Harrenhal","","Night's Watch;House Slynt;City Watch of King's Landing","",""
"Jaqen-H'ghar","Jaqen H'ghar","","","Jaqen H'ghar;Lorath","Faceless Men","",""
"Jared-Frey","Jared Frey","","Ser","","House Frey","",""
"Jaremy-Rykker","Jaremy Rykker","","Seracting First Ranger","","Night's Watch","",""
"Jarl","Jarl","","","","","","Free Folk"
"Jarmen-Buckwell","Jarmen Buckwell","","Ser","","House Buckwell;Night's Watch","",""
"Jason-Mallister","Jason Mallister","","Lord of Seagard","","House Mallister","","Riverlands"
"Jasper-Redfort","Jasper Redfort","","Ser","","House Redfort","","Valemen"
"Jayne-Bracken","Jayne Bracken","","","","House Bracken","",""
"Jenny-(Oldstones)","Jenny (Oldstones)","","","","","",""
"Jeor-Mormont","Jeor Mormont","","Lord of Bear Island (formerly)Lord Commander of the Night's Watch","Jeor Mormont;The Old Bear","House Mormont;Night's Watch","","Northmen"
"Jeren","Jeren","","","","Night's Watch","",""
"Jeyne-Poole","Jeyne Poole","","","Jeyne Poole;Arya Stark","House Poole","","Northmen"
"Jeyne-Rivers","Jeyne Rivers","","","","House Frey","",""
"Jhaqo","Jhaqo","","Khal;Ko (formerly)","","","","Dothraki"
"Jhezane","Jhezane","","Cupbearer","Jhezane;Jhezane;","","","Ghiscari"
"Jhiqui","Jhiqui","","","","House Targaryen","","Dothraki"
"Jhogo","Jhogo","","Ko;Bloodrider","","House Targaryen","","Dothraki"
"Joanna-Lannister","Joanna Lannister","","Lady of Casterly Rock","","House Lannister","","Westerman"
"Jocelyn-Swyft","Jocelyn Swyft","","","","House Swyft","",""
"Joffrey-Baratheon","Joffrey Baratheon","Joffrey Baratheon the First of His Name","","Joffrey Baratheon;Joffrey the Illborn;The Young Usurper;Aerys the Third;Joffrey-called-Baratheon","House Baratheon of King's Landing","House Baratheon of King's Landing",""
"Jojen-Reed","Jojen Reed","","","Jojen Reed;Little Grandfather","House Reed","","Crannogmen"
"Jon-Arryn","Jon Arryn","","Lord of the Eyrie;Defender of the Vale;Warden of the East;Hand of the King","","House Arryn","","Valemen"
"Jon-Bettley","Jon Bettley","","Ser","Jon Bettley;Beardless Jon","House Bettley","",""
"Jon-Connington","Jon Connington","","Lord of Griffin's Roost;;Hand of the King;Hand of the True King;","Jon Connington;Griff;The dancing griffins Hand;","House Connington;House Targaryen;Golden Company","","Stormlands"
"Jon-Lynderly","Jon Lynderly","","Lord of the Snakewood","","House Lynderly","",""
"Jon-Myre","Jon Myre","","","Jon Myre;Pinchface Jon","House Myre","","Ironborn"
"Jon-Redfort","Jon Redfort","","Ser","","House Redfort","","Valemen"
"Jon-Snow","Jon Snow","","Lord Commander of the Night's Watch","Jon Snow;Lord Snow;Ned Stark's Bastard;The Snow of Winterfell;The Crow-Come-Over;The 998th Lord Commander of the Night's Watch;The Bastard of Winterfell;The Black Bastard of the Wall;Lord Crow","House Stark;Night's Watch","","Northmen"
"Jon-Umber-(Greatjon)","Jon Umber (Greatjon)","","Lord of the Last Hearth","Jon Umber (Greatjon);The Greatjon;Greatjon Umber","House Umber","","Northmen"
"Jon-Umber-(Smalljon)","Jon Umber (Smalljon)","","","Jon Umber (Smalljon);The Smalljon;Smalljon Umber","House Umber","","Northmen"
"Jonella-Cerwyn","Jonella Cerwyn","","Lady of Cerwyn","","House Cerwyn","","Northmen"
"Jonos-Bracken","Jonos Bracken","","Lord of Stone Hedge","","House Bracken","",""
"Jorah-Mormont","Jorah Mormont","","Ser;Lord of Bear Island (stripped)","Jorah Mormont;Jorah the Andal;Bear","House Mormont;House Targaryen;Second Sons","","Northmen"
"Jorelle-Mormont","Jorelle Mormont","","","Jorelle Mormont;Jory","House Mormont","","Northmen"
"Jory-Cassel","Jory Cassel","","Captain of the guard","","House Cassel","","Northmen"
"Josmyn-Peckledon","Josmyn Peckledon","","","Josmyn Peckledon;Peck","House Peckledon","",""
"Joy-Hill","Joy Hill","","","","House Lannister","",""
"Joyeuse-Erenford","Joyeuse Erenford","","Lady of the Crossing","","House Erenford;House Frey","",""
"Justin-Massey","Justin Massey","","Ser","Justin Massey;The Smiler","House Massey;House Baratheon of Dragonstone","",""
"Karyl-Vance","Karyl Vance","","Ser;Lord of Wayfarer's Rest","","House Vance of Wayfarer's Rest","",""
"Kedge-Whiteye","Kedge Whiteye","","","","Night's Watch","",""
"Kedry","Kedry","","Maester","","","",""
"Kegs","Kegs","","","","Night's Watch","",""
"Kemmett-Pyke","Kemmett Pyke","","","Kemmett Pyke;Kemmett the Bastard","","","Ironborn"
"Kennos-of-Kayce","Kennos of Kayce","","Ser","","House Kenning of Kayce","",""
"Kevan-Lannister","Kevan Lannister","","Ser;Master of laws;Lord Regent;Protector of the Realm","","House Lannister","",""
"Kezmya","Kezmya","","Cupbearer","","House of Pahl","","Ghiscari"
"Khrazz","Khrazz","","","","House of Loraq","","Ghiscari"
"Kindly-Man","Kindly Man","","","Kindly Man;The Kindly Man","Faceless Men","","Braavosi"
"Kraznys-mo-Nakloz","Kraznys mo Nakloz","","","","Good Masters;House of Nakloz","","Astapor"
"Krazz","Krazz","","","","House of Loraq","","Ghiscari"
"Kyleg","Kyleg","","","Kyleg;Kyleg of the Wooden Ear","","","Free Folk"
"Kyra","Kyra","","","","House Stark","",""
"Lambert-Turnberry","Lambert Turnberry","","Ser","","House Turnberry","",""
"Lancel-Lannister","Lancel Lannister","","Ser;Lord of Darry","","House Lannister of Casterly Rock;House Lannister of Darry;Noble and Puissant Order of the Warrior's Sons","",""
"Lanna-Lannister","Lanna Lannister","","","","House Lannister;House Jast","",""
"Larra-Blackmont","Larra Blackmont","","Lady of Blackmont","","House Blackmont","","Dornish"
"Larraq","Larraq","","","Larraq;The Lash","","","Ghiscari"
"Leathers","Leathers","","Master-at-Arms","","Night's Watch","","Wildling"
"Left-Hand-Lew","Left Hand Lew","","","","Night's Watch","",""
"Lenyl","Lenyl","","","","","","Free Folk"
"Leo-Lefford","Leo Lefford","","Lord of the Golden Tooth","","House Lefford","",""
"Leobald-Tallhart","Leobald Tallhart","","Castellan of Torrhen's Square","","House Tallhart","","Northmen"
"Leona-Woolfield","Leona Woolfield","","","","House Woolfield;House Manderly","",""
"Leonette-Fossoway","Leonette Fossoway","","Lady","","House Fossoway;House Tyrell of Brightwater Keep","",""
"Leslyn-Haigh","Leslyn Haigh","","Ser","","House Haigh","",""
"Lester-Morrigen","Lester Morrigen","","Lord of Crows Nest","","House Morrigen","",""
"Lewis-Lanster","Lewis Lanster","","","","Windblown","",""
"Lewyn-Martell","Lewyn Martell","","Prince;Ser","","House Martell;Kingsguard","","Dornishmen"
"Lewys-the-Fishwife","Lewys the Fishwife","","","Lewys the Fishwife;Lewys the Fishwife","House Baratheon of Dragonstone;King's men","",""
"Lewys-Lydden","Lewys Lydden","","Lord of the Deep Den","","House Lydden","",""
"Lewys-Piper","Lewys Piper","","","Lewys Piper;Little Lew","House Piper","","Rivermen"
"Leyton-Hightower","Leyton Hightower","","Lord of the Hightower;Lord of the Port;Voice of Oldtown;Defender of the Citadel;Beacon of the South","Leyton Hightower;Old Man of Oldtown","House Hightower","",""
"Lollys-Stokeworth","Lollys Stokeworth","","Lady of Stokeworth","Lollys Stokeworth;Lollys Lackwit","House Stokeworth","",""
"Lomas-Estermont","Lomas Estermont","","Ser","","House Estermont","","Stormlands"
"Lomys","Lomys","","Maester","","","",""
"Long-Lew","Long Lew","","","Long Lew;Long Lew","House Tully","",""
"Loras-Tyrell","Loras Tyrell","","Ser;Lord Commander of the Rainbow Guard","Loras Tyrell;The Knight of Flowers;Knight o_�_ Pansies;Ser Daisy","House Tyrell;Rainbow Guard;Kingsguard","","Reach"
"Loreza-Sand","Loreza Sand","","","Loreza Sand;Loree","House Martell","","Dorne"
"Lothar-Frey","Lothar Frey","","Steward of the Twins","Lothar Frey;Lame Lothar","House Frey","","Rivermen"
"Lothor-Brune","Lothor Brune","","Ser","Lothor Brune;Lothor Apple-Eater","House Brune of Brownhollow;House Baelish of Harrenhal","",""
"Lucas-Blackwood","Lucas Blackwood","","","","House Blackwood","",""
"Lucas-Codd","Lucas Codd","","","Lucas Codd;Left-Hand Lucas","House Codd","","Ironborn"
"Lucas-Corbray","Lucas Corbray","","Ser","","House Corbray","",""
"Luceon-Frey","Luceon Frey","","Septon","","Faith of the Seven;Most Devout","",""
"Lucias-Vypren","Lucias Vypren","","Lord","","House Vypren","",""
"Lucion-Lannister","Lucion Lannister","","Ser","","House Lannister","",""
"Luke-of-Longtown","Luke of Longtown","","","Luke of Longtown;Luke of Longtown","Night's Watch","",""
"Luton","Luton","","","","House Bolton","","Northmen"
"Luwin","Luwin","","","","House Stark","","Westeros"
"Lyanna-Mormont","Lyanna Mormont","","","","House Mormont","","Northmen"
"Lyanna-Stark","Lyanna Stark","","","Lyanna Stark;The She-Wolf;The Wolf Maid;Lya","House Stark","","Northmen"
"Lyessa-Flint","Lyessa Flint","","Lady of Widow's Watch","","House Flint of Widow's Watch","","Northmen"
"Lyle-Crakehall","Lyle Crakehall","","Ser","Lyle Crakehall;Strongboar","House Crakehall","",""
"Lymond-Goodbrook","Lymond Goodbrook","","Lord","","House Goodbrook","",""
"Lymond-Vikary","Lymond Vikary","","Ser","","House Vikary","",""
"Lyn-Corbray","Lyn Corbray","","Ser","","House Corbray;Lords Declarant","",""
"Lynesse-Hightower","Lynesse Hightower","","","","House Hightower","",""
"Lyonel-Corbray","Lyonel Corbray","","Lord of Heart's Home","","House Corbray","",""
"Lyonel-Frey","Lyonel Frey","","Ser","","House Frey of Riverrun","",""
"Lyra-Mormont","Lyra Mormont","","","","House Mormont","","Northmen"
"Lysa-Arryn","Lysa Arryn","","Lady of the Vale","Lysa Arryn;Lysa Tully","House Tully;House Arryn;House Baelish","",""
"Lysono-Maar","Lysono Maar","","","","Golden Company","","Lyseni"
"Lythene-Frey","Lythene Frey","","","","House Frey","",""
"Mace-Tyrell","Mace Tyrell","","Lord of Highgarden;Defender of the Marches;High Marshal of the Reach;Warden of the South;Hand of the King;Master of ships (formerly)","Mace Tyrell;Lord Oaf;The Fat Flower;Lord Puff Fish","House Tyrell","",""
"Maddy","Maddy","","","","House Arryn","",""
"Maege-Mormont","Maege Mormont","","Lady of Bear Island","Maege Mormont;The She-Bear","House Mormont","","Northmen"
"Maelys-Blackfyre","Maelys Blackfyre","","","Maelys Blackfyre;Maelys the Monstrous","House Blackfyre;Golden Company;Band of Nine","","Valyrian"
"Mag-Mar-Tun-Doh-Weg","Mag Mar Tun Doh Weg","","","Mag Mar Tun Doh Weg;Mag the Mighty","","",""
"Mago","Mago","","Bloodrider of Khal Jhaqo","","","","Dothraki"
"Mance-Rayder","Mance Rayder","","","Mance Rayder;The Mance;Abel;The Unburnt King","","","Free folk"
"Manfrey-Martell","Manfrey Martell","","Ser;Castellan of Sunspear","","House Martell","","Dornishmen"
"Manfryd-Yew","Manfryd Yew","","Ser","","House Yew","",""
"Marei","Marei","","","","Chataya's brothel","",""
"Margaery-Tyrell","Margaery Tyrell","","Queen of the Seven Kingdoms","Margaery Tyrell;The Little Queen;The Little Rose;Maid Margaery","House Tyrell","","Reach"
"Marghaz-zo-Loraq","Marghaz zo Loraq","","","","House of Loraq;Brazen Beasts","","Ghiscari"
"Margot-Lannister","Margot Lannister","","Lady of Starpike","","House Lannister;House Peake","",""
"Maric-Seaworth","Maric Seaworth","","Oarmaster","","House Seaworth","",""
"Maris","Maris","","","Maris;Black Maris","","","Free folk"
"Mark-Mullendore","Mark Mullendore","","Ser","","House Mullendore","",""
"Marlon-Manderly","Marlon Manderly","","Ser;Commander of the garrison at White Harbor;","","House Manderly","",""
"Maron-Greyjoy","Maron Greyjoy","","","","House Greyjoy","","Ironborn"
"Maron-Martell","Maron Martell","","Prince of Dorne","","House Martell","","Dornish"
"Maron-Volmark","Maron Volmark","","Lord of Volmark;Lord of Greenshield","","House Volmark","","Ironborn"
"Marq-Grafton","Marq Grafton","","","","House Grafton","",""
"Marq-Piper","Marq Piper","","Ser","","House Piper","","Rivermen"
"Martyn-Lannister","Martyn Lannister","","","","House Lannister","",""
"Martyn-Rivers","Martyn Rivers","","","","House Frey","",""
"Marya-Seaworth","Marya Seaworth","","Lady","","House Seaworth","",""
"Mathis-Rowan","Mathis Rowan","","Lord of Goldengrove","","House Rowan","","Reach"
"Matthar","Matthar","","","Matthar;Ser Loon;","Night's Watch","",""
"Matthos-Seaworth","Matthos Seaworth","","","","House Seaworth","",""
"Mawney","Mawney","","","","Night's Watch","",""
"Mazdhan-zo-Loraq","Mazdhan zo Loraq","","","Mazdhan zo Loraq;The Magnificent","House of Loraq","","Ghiscaricari"
"Meera-Reed","Meera Reed","","","","House Reed","","Crannogmen"
"Megga-Tyrell","Megga Tyrell","","","","House Tyrell","",""
"Meha","Meha","","","","","","Free Folk"
"Mela","Mela","","","","House Arryn","",""
"Melara-Hetherspoon","Melara Hetherspoon","","","","House Hetherspoon","",""
"Meldred-Merlyn","Meldred Merlyn","","Lord of Pebbleton","Meldred Merlyn;The Merlyn","House Merlyn","","Ironborn"
"Melisandre","Melisandre","","","Melisandre;The red priestess;The red woman;The king's red shadow;Lady Red;Lot Seven","Faith of R'hllor","","Asshai"
"Melissa-Blackwood","Melissa Blackwood","","","Melissa Blackwood;Missy","House Blackwood","",""
"Mellara-Rivers","Mellara Rivers","","","","House Frey","",""
"Melwys-Rivers","Melwys Rivers","","Maester","","","",""
"Meredyth-Crane","Meredyth Crane","","","Meredyth Crane;Merry","House Crane","",""
"Merling-Queen","Merling Queen","","","Merling Queen;The Merling Queen","","","Braavosi"
"Mero","Mero","","","Mero;The Titan's Bastard;Mero of Braavos","Second Sons","","Braavosi"
"Merrett-Frey","Merrett Frey","","","Merrett Frey;Merrett Muttonhead","House Frey","","Riverlands"
"Meryn-Trant","Meryn Trant","","Ser","","House Trant;Kingsguard","",""
"Mezzara","Mezzara","","Cupbearer","","House of Merreq","","Ghiscari"
"Mikken","Mikken","","","","House Stark","","Northmen"
"Miklaz","Miklaz","","Cupbearer","","","","Ghiscari"
"Mina-Tyrell","Mina Tyrell","","","","House Tyrell;House Redwyne","",""
"Mirri-Maz-Duur","Mirri Maz Duur","","Godswife;Maegi","","","","Lhazareen"
"Missandei","Missandei","","","","House Targaryen","","Naathi"
"Moelle","Moelle","","Septa","","Faith of the Seven;Most Devout","",""
"Monster","Monster","","","Monster;the little monsterthe abomination","","","Free Folk"
"Moon-Boy","Moon Boy","","","","House Baratheon of King's Landing","",""
"Moqorro","Moqorro","","Slave of R'hllor","Moqorro;Black Flame","R'hllor","",""
"Mord","Mord","","","","House Arryn","",""
"Morgarth","Morgarth","","Ser","Morgarth;Morgarth the Merry","House Baelish","",""
"Moribald-Chester","Moribald Chester","","Lord of Greenshield","","House Chester","",""
"Morna-White-Mask","Morna White Mask","","","","","","Free Folk"
"Mors-Umber","Mors Umber","","Castellan of Last Hearth","Mors Umber;Mors Crowfood","House Umber","","Northmen"
"Morton-Waynwood","Morton Waynwood","","Ser","","House Waynwood","",""
"Morya-Frey","Morya Frey","","Lady","","House Frey;House Brax","",""
"Moryn-Tyrell","Moryn Tyrell","","Ser  Lord Commander of the City Watch of Oldtown","","House Tyrell","",""
"Mother-Mole","Mother Mole","","","","","","Free Folk"
"Mullin","Mullin","","Maester","","Night's Watch","",""
"Mully","Mully","","","","Night's Watch","",""
"Munda","Munda","","","","","","Free Folk"
"Muttering-Bill","Muttering Bill","","","","Night's Watch","",""
"Mya-Stone","Mya Stone","","","","House Royce of the Gates of the Moon","",""
"Mychel-Redfort","Mychel Redfort","","Ser","","House Redfort","","Valemen"
"Myles","Myles","","Maester","","House Martell","",""
"Myranda-Royce","Myranda Royce","","","Myranda Royce;Randa","House Royce of the Gates of the Moon","",""
"Myrcella-Baratheon","Myrcella Baratheon","","Princess","","House Baratheon of King's Landing","",""
"Myria-Jordayne","Myria Jordayne","","","","House Jordayne","","Dornish"
"Myrielle-Lannister","Myrielle Lannister","","","","House Lannister","",""
"Myrtle","Myrtle","","","","","","Free Folk"
"Nail","Nail","","","","Second Sons","",""
"Nan","Nan","","","","House Stark","",""
"Ned-Woods","Ned Woods","","","Ned Woods;Noseless Ned","House Woods","","Northmen"
"Nestor-Royce","Nestor Royce","","Keeper of the Gates of the Moon;High Steward of the Vale","","House Royce of the Gates of the Moon","",""
"Noho-Dimittis","Noho Dimittis","","","","Iron Bank of Braavos","","Braavosi"
"Norbert-Vance","Norbert Vance","","Lord of Atranta","","House Vance of Atranta","",""
"Norne-Goodbrother","Norne Goodbrother","","Lord of Shatterstone","","House Goodbrother of Shatterstone","","Ironborn"
"Nute","Nute","","Lord of Oakenshield","Nute;Nute the Barber","House Greyjoy","","Ironborn"
"Nymella-Toland","Nymella Toland","","Lady of Ghost Hill","","House Toland","","Dornish"
"Nymeria","Nymeria","","Princess;Queen","Nymeria;Nymeria of the Rhoyne","House Martell","","Rhoynar"
"Nymeria-Sand","Nymeria Sand","","","Nymeria Sand;Lady Nym","House Martell","","Dornishmen"
"Nysterica","Nysterica","","Septa","","","",""
"Obara-Sand","Obara Sand","","","","House Martell","","Dornish"
"Obella-Sand","Obella Sand","","","","House Martell","","Dornishmen"
"Oberyn-Martell","Oberyn Martell","","Prince;Ser","Oberyn Martell;The Red Viper","House Martell;Second Sons (formerly)","","Dornishmen"
"Old-Bill-Bone","Old Bill Bone","","","","Windblown","",""
"Old-Grey-Gull","Old Grey Gull","","","","Drowned men","","Ironborn"
"Old-Tattersalt","Old Tattersalt","","","Old Tattersalt;Old Tattersalt","Night's Watch","",""
"Olenna-Redwyne","Olenna Redwyne","","Dowager Lady of Highgarden","Olenna Redwyne;Olenna Redwyne;Queen of Thorns","House Redwyne;House Tyrell","",""
"Ollidor","Ollidor","","Septon","","Faith of the Seven;Most Devout","",""
"Ollo-Lophand","Ollo Lophand","","","Ollo Lophand;Ollo Lophand","Night's Watch","","Tyroshi"
"Olyvar-Frey","Olyvar Frey","","","","House Frey","",""
"Omer-Blackberry","Omer Blackberry","","","","House Blackberry;House Baratheon of Dragonstone;King's men","",""
"Ondrew-Locke","Ondrew Locke","","Lord of Oldcastle","Ondrew Locke;old Lord Locke","House Locke","","Northmen"
"Ordello","Ordello","","Magister of Pentos","","","","Pentoshi"
"Orell","Orell","","","","","","Free Folk"
"Orland-of-Oldtown","Orland of Oldtown","","","Orland of Oldtown;Ormond of Oldtown","House Baratheon of King's Landing","",""
"Ormond-(knight)","Ormond (knight)","","Ser","","","",""
"Ormond-Yronwood","Ormond Yronwood","","Lord of Yronwood;Warden of the Stoneway;The Bloodroyal","","House Yronwood","",""
"Ormund-Wylde","Ormund Wylde","","Ser","","House Wylde;House Baratheon of Dragonstone","",""
"Orphan-Oss","Orphan Oss","","","","Night's Watch","",""
"Orton-Merryweather","Orton Merryweather","","Lord of Longtable;Justiciar;Master of laws;Hand of the King","","House Merryweather","","Reachmen"
"Osbert-Serry","Osbert Serry","","Lord of Southshield","","House Serry","",""
"Osfryd-Kettleblack","Osfryd Kettleblack","","Ser;Commander of the City Watch of King's Landing","","House Kettleblack;City Watch of King's Landing","",""
"Osha","Osha","","","","House Stark","","Free folk"
"Osmund-Kettleblack","Osmund Kettleblack","","Ser","Osmund Kettleblack;Oswald Kettleblack;","House Kettleblack;Gallant Men (formerly)Kingsguard","",""
"Osney-Kettleblack","Osney Kettleblack","","Ser","","House Kettleblack","",""
"Ossifer-Plumm","Ossifer Plumm","","Lord","","House Plumm","",""
"Oswell-Kettleblack","Oswell Kettleblack","","","Oswell Kettleblack;Kettleblack","House Kettleblack;House Baelish of Harrenhal","",""
"Oswell-Whent","Oswell Whent","","Ser","","House Whent;Kingsguard","","Rivermen"
"Othell-Yarwyck","Othell Yarwyck","","First Builder","","House Yarwyck;Night's Watch","",""
"Owen","Owen","","","Owen;Owen the Oaf","Night's Watch","",""
"Oznak-zo-Pahl","Oznak zo Pahl","","","","House of Pahl;Great Masters","","Meereen"
"Patchface","Patchface","","","Patchface;Patches","House Baratheon of Dragonstone","",""
"Pate-(King's-Landing)","Pate (King's Landing)","","","","House Baratheon of King's Landing","",""
"Patrek-Mallister","Patrek Mallister","","","","House Mallister","",""
"Paxter-Redwyne","Paxter Redwyne","","Lord of the Arbor;Grand admiral;Lord admiral;Master of ships","","House Redwyne","",""
"Penny","Penny","","","Penny;Lady Imp","Second Sons","",""
"Perriane-Frey","Perriane Frey","","","","House Haigh","",""
"Perwyn-Frey","Perwyn Frey","","Ser","","House Frey","",""
"Petyr-Baelish","Petyr Baelish","","Master of coin (formerly)Lord Paramount of the Trident;Lord of Harrenhal;Lord Protector of the Vale","Petyr Baelish;Littlefinger","House Baelish of the Fingers;House Baelish of Harrenhal","","Valemen"
"Philip-Foote","Philip Foote","","Ser;Lord of Nightsong;Lord of the Marches","","House Foote;House Foote of Nightsong","",""
"Philip-Plumm","Philip Plumm","","Lord","","House Plumm","",""
"Podrick-Payne","Podrick Payne","","","Podrick Payne;Pod","House Payne","",""
"Pono","Pono","","Khal;Ko (formerly)","","","","Dothraki"
"Pyat-Pree","Pyat Pree","","Warlock","","The Undying Ones","",""
"Pycelle","Pycelle","","Grand Maester","","Maesters of the Citadel (by oath)House Lannister (de facto)","",""
"Pylos","Pylos","","Maester","","House Baratheon of Dragonstone","",""
"Pypar","Pypar","","","Pypar;Pyp;Monkey;Mummer's Monkey;","Night's Watch","",""
"Qarl-the-Maid","Qarl the Maid","","","Qarl the Maid;Qarl the Maid","","","Ironborn"
"Qarl-the-Thrall","Qarl the Thrall","","","Qarl the Thrall;Qarl the Thrall","","","Ironborn"
"Qarl-Kenning","Qarl Kenning","","","Qarl Kenning;Queer Qarl Kenning","House Kenning of Harlaw","","Ironborn"
"Qarl-Quickaxe","Qarl Quickaxe","","","Qarl Quickaxe;Qarl Quickaxe","","","Ironmen"
"Qarl-Shepherd","Qarl Shepherd","","","","House Shepherd","","Ironborn"
"Qezza","Qezza","","Cupbearer","","House of Galare","","Ghiscari"
"Qhorin-Halfhand","Qhorin Halfhand","","","Qhorin Halfhand;Qhorin Halfhand","Night's Watch","",""
"Quaithe","Quaithe","","","Quaithe;Quaithe of the Shadow","","","Asshai'i"
"Quaro","Quaro","","","","","","Dothraki"
"Quellon-Humble","Quellon Humble","","","","House Humble","","Ironborn"
"Quenten-Banefort","Quenten Banefort","","Lord of Banefort","","House Banefort","",""
"Quentyn-Martell","Quentyn Martell","","Prince;Ser","Quentyn Martell;Frog;Prince Frog;;The Prince Who Came Too Late;The Dragonrider;","House Martell;Windblown","","Dornishmen"
"Quentyn-Qorgyle","Quentyn Qorgyle","","Lord of Sandstone","","House Qorgyle","",""
"Qyburn","Qyburn","","Lord;Master of whisperers","Qyburn;The Bloody Maester","House Lannister Brave Companions (formerly)","",""
"Rafford","Rafford","","","Rafford;Raff the Sweetling","House Clegane","",""
"Ragwyle","Ragwyle","","","","","","Free folk"
"Rakharo","Rakharo","","Ko;Bloodrider of Daenerys Targaryen","","House Targaryen","","Dothraki"
"Ralf-(Limper)","Ralf (Limper)","","Captain of the Lord Quellon","","","","Ironborn"
"Ralf-(Lordsport)","Ralf (Lordsport)","","","Ralf (Lordsport);Ralf of Lordsport","","","Ironborn"
"Ralf-(Shepherd)","Ralf (Shepherd)","","","Ralf (Shepherd);Ralf the Shepherd","","","Ironborn"
"Ralf-Kenning","Ralf Kenning","","Castellan;Commander","","House Kenning of Harlaw","","Ironborn"
"Ralf-Stonehouse","Ralf Stonehouse","","Captain of Red Jester","Ralf Stonehouse;Red Ralf Stonehouse","House Stonehouse","","Ironborn"
"Ramsay-Snow","Ramsay Snow","","Lord of the Hornwood;Lord of Winterfell;Castellan of the Dreadfort","Ramsay Snow;Ramsay Bolton  The Bastard of Bolton  The Bastard of the Dreadfort  Reek  Red Helm  Monster","House Bolton of the Dreadfort;House Bolton of Winterfell","","Northmen"
"Randyll-Tarly","Randyll Tarly","","Lord of Horn Hill;Justiciar;Master of laws","","House Tarly","",""
"Rat-Cook","Rat Cook","","","Rat Cook;Rat Cook","Night's Watch","",""
"Rattleshirt","Rattleshirt","","","Rattleshirt;Rattleshirt;Lord o' Bones;Bag o' Bones","","","Free Folk"
"Raymun-Redbeard","Raymun Redbeard","","King-Beyond-the-Wall","","","","free folk"
"Raymund-Frey","Raymund Frey","","Ser","","House Frey","",""
"Raynard","Raynard","","Septon","","Faith of the Seven;Most Devout","",""
"Raynard-Ruttiger","Raynard Ruttiger","","Ser","","House Ruttiger","",""
"Red-Alyn-of-the-Rosewood","Red Alyn of the Rosewood","","","Red Alyn of the Rosewood;Red Alyn of the Rosewood","Night's Watch","",""
"Red-Lamb","Red Lamb","","Ser","Red Lamb;Red Lamb","House Targaryen","","Lhazarene"
"Red-Oarsman","Red Oarsman","","","","","","Ironborn"
"Reek","Reek","","","Reek;Reek","House Bolton","",""
"Regenard-Estren","Regenard Estren","","Lord of Wyndhall","","House Estren","",""
"Renfred-Rykker","Renfred Rykker","","Lord of Duskendale","","House Rykker","",""
"Renly-Baratheon","Renly Baratheon","","Lord Paramount of the Stormlands;Lord of Storm's End;Master of laws;Lord of the Seven Kingdoms (claimant)","Renly Baratheon;The King in Highgarden;The King in the South","House Baratheon","","Stormlands"
"Rennifer-Longwaters","Rennifer Longwaters","","Chief Undergaoler","","House Longwaters","",""
"Reznak-mo-Reznak","Reznak mo Reznak","","Seneschal","","House of Reznak;House Targaryen","","Ghiscari"
"Rhaegar-Frey","Rhaegar Frey","","","","House Frey","",""
"Rhaegar-Targaryen","Rhaegar Targaryen","","Prince of Dragonstone;Ser","Rhaegar Targaryen;Silver Prince;The Dragon Prince;The Last Dragon","House Targaryen","","Valyrian"
"Rhaella-Targaryen","Rhaella Targaryen","","Princess;Queen;Dowager Queen","","House Targaryen","","Valyrian"
"Rhaelle-Targaryen","Rhaelle Targaryen","","Princess","","House Targaryen;House Baratheon","",""
"Rhaenys-Targaryen-(daughter-of-Rhaegar)","Rhaenys Targaryen (daughter of Rhaegar)","","Princess","","House Targaryen","",""
"Ricasso","Ricasso","","Seneschal of Sunspear","","House Martell","",""
"Richard-Horpe","Richard Horpe","","Ser","Richard Horpe;The Slayer","House Horpe;House Baratheon of Dragonstone","",""
"Rickard-Karstark","Rickard Karstark","","Lord of Karhold","","House Karstark","","Northmen"
"Rickard-Ryswell","Rickard Ryswell","","","","House Ryswell","","Northmen"
"Rickard-Stark","Rickard Stark","","Lord of Winterfell;Warden of the North","","House Stark","","Northmen"
"Rickon-Stark","Rickon Stark","","Prince of Winterfell;Heir to Winterfell","","House Stark","","Northmen"
"Robb-Stark","Robb Stark","Robb Stark","","Robb Stark;The Young Wolf;The King Who Lost the North;Robb the Lord;The Boy Wolf","House Stark","House Stark",""
"Robert-Arryn","Robert Arryn","","Lord of the Eyrie;Defender of the Vale;Warden of the East","Robert Arryn;Sweetrobin;True Warden of the East","House Arryn","","Valemen"
"Robert-Baratheon","Robert Baratheon","Robert Baratheon the First of His Name","","Robert Baratheon;The Usurper;Demon of the Trident;The Whoremonger King","House Baratheon of King's Landing","House Baratheon of King's Landing",""
"Robett-Glover","Robett Glover","","","","House Glover","","Northmen"
"Robin-Moreland","Robin Moreland","","Lord","","House Moreland","",""
"Robin-Ryger","Robin Ryger","","Ser;Captain of the guards at Riverrun","","House Ryger;House Tully;Night's Watch","",""
"Rodrik-Cassel","Rodrik Cassel","","Ser;Master-at-arms of Winterfell;Castellan of Winterfell","Rodrik Cassel;Old Ser Rodrik","House Cassel;House Stark","","Northmen"
"Rodrik-Freeborn","Rodrik Freeborn","","","","","","Ironborn"
"Rodrik-Greyjoy","Rodrik Greyjoy","","","","House Greyjoy","","Ironborn"
"Rodrik-Harlaw","Rodrik Harlaw","","Lord of Harlaw;Lord of the Ten Towers;The Harlaw of Harlaw;Captain of the Sea Song","Rodrik Harlaw;The Reader","House Harlaw","","Ironborn"
"Rodrik-Ryswell","Rodrik Ryswell","","Lord of the Rills","","House Ryswell","","Northmen"
"Rodrik-Stark-(son-of-Beron)","Rodrik Stark (son of Beron)","","","Rodrik Stark (son of Beron);The Wandering Wolf","House Stark;Second Sons","","Northmen"
"Roger-Ryswell","Roger Ryswell","","","","House Ryswell","","Northmen"
"Roland-Crakehall-(Lord)","Roland Crakehall (Lord)","","Lord of Crakehall","","House Crakehall","",""
"Rolland-Longthorpe","Rolland Longthorpe","","Lord of Longsister","","House Longthorpe","",""
"Rolland-Storm","Rolland Storm","","Ser;Castellan of Dragonstone;Lord of Nightsong (claimant);Lord of the Marches (claimant)","Rolland Storm;The Bastard of Nightsong","House Caron;House Baratheon of Dragonstone","",""
"Rolly-Duckfield","Rolly Duckfield","","Ser","Rolly Duckfield;Duck;Ser Duck","House Targaryen;Golden Company","",""
"Ronald-Connington","Ronald Connington","","Ser the Knight of Griffin's Roost;Castellan","","House Connington","",""
"Ronald-Storm","Ronald Storm","","","","House Connington","",""
"Ronel-Rivers","Ronel Rivers","","","","House Frey","",""
"Ronnet-Connington","Ronnet Connington","","Ser;Knight of Griffin's Roost","Ronnet Connington;Red Ronnet","House Connington","",""
"Roose-Bolton","Roose Bolton","","Lord of the Dreadfort;Warden of the North","Roose Bolton;The Leech Lord","House Bolton","","Northmen"
"Roose-Ryswell","Roose Ryswell","","","","House Ryswell","","Northmen"
"Roro-Uhoris","Roro Uhoris","","Captain of Cobblecat","Roro Uhoris;The Blind Bastard","","","Tyroshi"
"Rosamund-Lannister","Rosamund Lannister","","","","House Lannister of Lannisport","",""
"Roslin-Frey","Roslin Frey","","","","House Frey;House Tully","","Rivermen"
"Rowan","Rowan","","","","","","Free folk"
"Rufus-Leek","Rufus Leek","","Ser;Castellan of the Dun Fort","","House Leek;House Rykker","",""
"Rusty-Flowers","Rusty Flowers","","","","Night's Watch","",""
"Ryger-Rivers","Ryger Rivers","","","","House Frey","",""
"Ryk","Ryk","","","Ryk;Longspear Ryk","","","Free folk"
"Ryman-Frey","Ryman Frey","","Ser","","House Frey","",""
"Ryon-Allyrion","Ryon Allyrion","","Ser","","House Allyrion","","Dornishmen"
"S'vrone","S'vrone","","","","","","Braavosi"
"Salladhor-Saan","Salladhor Saan","","Prince of the Narrow Sea Lord of Blackwater Bay","Salladhor Saan;Salla","House Baratheon of Dragonstone","","Lysene"
"Samwell-Tarly","Samwell Tarly","","","Samwell Tarly;Sam Ser Piggy; Lord of Ham; Lady Piggy ; Sam the Slayer Black Sam","Night's Watch","","Westeros"
"Sandor-Clegane","Sandor Clegane","","","Sandor Clegane;The Hound;Dog","House Clegane;House Lannister (formerly)Kingsguard (formerly)","",""
"Sansa-Stark","Sansa Stark","","Princess","Sansa Stark;Little bird;Alayne Stone;Jonquil","House Stark;House Baelish of Harrenhal (as Alayne)","","Northmen"
"Sarella-Sand","Sarella Sand","","","","House Martell","","Dornishmen"
"Sarya-Whent","Sarya Whent","","Lady","","House Whent;House Frey","",""
"Satin","Satin","","","","Night's Watch","",""
"Scolera","Scolera","","Septa","","Faith of the Seven","",""
"Sebaston-Farman","Sebaston Farman","","Lord of Fair Isle","","House Farman","","Westerman"
"Selmond-Stackspear","Selmond Stackspear","","Lord","","House Stackspear","",""
"Selwyn-Tarth","Selwyn Tarth","","Lord of Evenfall Hall The Evenstar","","House Tarth","",""
"Selyse-Florent","Selyse Florent","","Lady;Queen","Selyse Florent;Light of the North","House Florent;House Baratheon of Dragonstone","",""
"Serra","Serra","","","","","","Lysene"
"Serwyn-of-the-Mirror-Shield","Serwyn of the Mirror Shield","","Ser (in songs and tales)","Serwyn of the Mirror Shield;Serwyn of the Mirror Shield","Kingsguard (in songs and tales)","",""
"Shadrick","Shadrick","","Ser","Shadrick;Shadrich of the Shady Glen;The Mad Mouse","House Baelish of Harrenhal","",""
"Shae","Shae","","","","","",""
"Shagga","Shagga","","","","Stone Crows","","Vale mountain clans"
"Shella-Whent","Shella Whent","","Lady of Harrenhal","","House Whent","","Rivermen"
"Shiera-Crakehall","Shiera Crakehall","","","","House Crakehall;House Lannister","",""
"Shiera-Seastar","Shiera Seastar","","","","House Targaryen","","Westeros"
"Shireen-Baratheon","Shireen Baratheon","","Princess","","House Baratheon of Dragonstone","",""
"Shirei-Frey","Shirei Frey","","","","House Frey","",""
"Sigfryd-Harlaw","Sigfryd Harlaw","","Master of Harlaw Hall","Sigfryd Harlaw;Sigfryd Silverhair","House Harlaw of Harlaw Hall","","Ironborn"
"Skahaz-mo-Kandaq","Skahaz mo Kandaq","","","Skahaz mo Kandaq;The Shavepate;Skahaz Shavepate","House of Kandaq;House Targaryen;Shavepates;Brazen Beasts","","Ghiscari"
"Skinner","Skinner","","","","House Bolton","",""
"Sleepy-Jack","Sleepy Jack","","Lord Commander of the Night's Watch","Sleepy Jack;Jolly Jack;Sleepy Jack","House Musgood;Night's Watch","","Stormlands"
"Small-Paul","Small Paul","","","Small Paul;Cheese-for-wits","Night's Watch","",""
"Soren-Shieldbreaker","Soren Shieldbreaker","","","","","","Free Folk"
"Sour-Alyn","Sour Alyn","","","Sour Alyn;Sour Alyn","House Bolton","",""
"Spare-Boot","Spare Boot","","","","Night's Watch","",""
"Spotted-Cat","Spotted Cat","","","","","","Ghiscari"
"Squirrel","Squirrel","","","","","","Free Folk"
"Stafford-Lannister","Stafford Lannister","","Ser","Stafford Lannister;Uncle Dolt","House Lannister","","Westerman"
"Stalwart-Shield","Stalwart Shield","","","","Unsullied","",""
"Stannis-Baratheon","Stannis Baratheon","Stannis Baratheon the First of His Name","","Stannis Baratheon;The King in the Narrow Sea;The King of the Painted Table;The King of Dragonstone;The King at the Wall;Azor Ahai reborn/come again;;","House Baratheon of Dragonstone","House Baratheon of Dragonstone",""
"Stannis-Seaworth","Stannis Seaworth","","","","House Seaworth","",""
"Steelskin","Steelskin","","","","House of Loraq","","Ghiscari"
"Steffon-Baratheon","Steffon Baratheon","","Lord of Storm's End;Lord Paramount of the Stormlands","","House Baratheon","",""
"Steffon-Seaworth","Steffon Seaworth","","","","House Seaworth","",""
"Steffon-Swyft","Steffon Swyft","","Ser","","House Swyft","",""
"Stevron-Frey","Stevron Frey","","Ser","","House Frey","",""
"Stonehand","Stonehand","","","","","","Ironborn"
"Stonesnake","Stonesnake","","","","Night's Watch","",""
"Styr","Styr","","Magnar of Thenn","","Thenn","","Free Folk"
"Sybelle-Glover","Sybelle Glover","","Lady of Deepwood Motte","","House Locke;House Glover","","Northmen"
"Symeon-Star-Eyes","Symeon Star-Eyes","","","","","",""
"Symon-Santagar","Symon Santagar","","Ser;Knight of Spottswood","","House Santagar","",""
"Symon-Silver-Tongue","Symon Silver Tongue","","","Symon Silver Tongue;Symon Silver Tongue","","",""
"Symon-Stripeback","Symon Stripeback","","","","House Targaryen;Free Brothers","",""
"Symond-Frey","Symond Frey","","","","House Frey","",""
"Symond-Templeton","Symond Templeton","","Ser;The Knight of Ninestars","","House Templeton;Lords Declarant","",""
"Syrio-Forel","Syrio Forel","","First Sword to the Sealord of Braavos Water Dancer","","House Stark","","Braavosi"
"Taena-of-Myr","Taena of Myr","","","Taena of Myr;Taena Merryweather;Myr","House Merryweather","","Myrish"
"Tal-Toraq","Tal Toraq","","","","House Targaryen;Stalwart Shields","","Summer Isles"
"Tallad","Tallad","","Ser","Tallad;Tallad the Tall","House Baratheon of King's Landing","",""
"Tanda-Stokeworth","Tanda Stokeworth","","Lady of Stokeworth","","House Stokeworth","",""
"Tanton-Fossoway","Tanton Fossoway","","Ser","","House Fossoway of Cider Hall","",""
"Terrence-Toyne","Terrence Toyne","","Ser","","House Toyne;Kingsguard","",""
"Theodan-Wells","Theodan Wells","","Ser;Commander of the Warrior's Sons","Theodan Wells;Theodan the True","House Wells;Warrior's Sons","","Northmen"
"Theomar-Smallwood","Theomar Smallwood","","Lord of Acorn Hall","","House Smallwood","",""
"Theomore","Theomore","","Maester","","House Manderly","",""
"Theon-Greyjoy","Theon Greyjoy","","Prince of Winterfell;Captain of Sea Bitch;Lord of the Iron Islands (by law of the green lands)","Theon Greyjoy;Prince of Fools;Theon Turncloakthe squid prince;Reek;Theon Kinslayer","House Greyjoy","","Ironmen"
"Theon-Stark","Theon Stark","","","Theon Stark;The Hungry Wolf","House Stark","House Stark","Northmen"
"Thistle","Thistle","","","","","","Free Folk"
"Thoros-of-Myr","Thoros of Myr","","","Thoros of Myr;The red wizard;The Ember","Brotherhood without banners","","Myr"
"Tickler","Tickler","","","Tickler;the Tickler","House Clegane","",""
"Tim-Stone","Tim Stone","","","","Night's Watch","",""
"Tim-Tangletongue","Tim Tangletongue","","","","Night's Watch","",""
"Timett","Timett","","red hand","Timett;Timett One-Eye","Burned Men","","Vale mountain clans"
"Timett-(father)","Timett (father)","","","","Burned Men","","Vale mountain clans"
"Tion-Frey","Tion Frey","","","","House Frey House Lannister","",""
"Titus-Peake","Titus Peake","","Lord of Starpike","","House Peake","",""
"Tobho-Mott","Tobho Mott","","","","","","Qohor"
"Todder","Todder","","","Todder;Toad","Night's Watch","",""
"Tomard","Tomard","","","Tomard;Fat Tom","House Stark","","northmen"
"Tommen-Baratheon","Tommen Baratheon","Tommen Baratheon the First of His Name","","Tommen Baratheon;The Boy King;","","",""
"Torbert","Torbert","","Septon","","Faith of the Seven;Most Devout","",""
"Toregg","Toregg","","","Toregg;Toregg the Tall","","","Free Folk"
"Tormund","Tormund","","Tall-talker, Horn-blower and Breaker of Ice, Husband to Bears, the Mead-king of Ruddy Hall, Speaker to Gods and Father of Hosts","Tormund;Tormund Giantsbane  Mead-King of Ruddy Hall  Tormund Thunderfist  Tormund Horn-Blower  Tormund Tall-Talker  Breaker of Ice  Husband to Bears  Speaker to Gods  Father of Hosts","","","Free Folk"
"Torren-Liddle","Torren Liddle","","The Liddle;Lord Liddle","","House Liddle","","Northern mountain clans"
"Torrhen-Karstark","Torrhen Karstark","","","Torrhen Karstark;Torr","House Karstark","","Northmen"
"Torwold-Browntooth","Torwold Browntooth","","","Torwold Browntooth;Torwold Browntooth","","","Ironborn"
"Torwynd","Torwynd","","","Torwynd;Torwynd the Tame","","","Free Folk"
"Trebor-Jordayne","Trebor Jordayne","","Lord of the Tor","","House Jordayne","",""
"Tremond-Gargalen","Tremond Gargalen","","Lord of Salt Shore","","House Gargalen","","Dornish"
"Tristifer-Botley","Tristifer Botley","","Heir to Lordsport","Tristifer Botley;Tris","House Botley","","Ironborn"
"Triston-of-Tally-Hill","Triston of Tally Hill","","Ser","Triston of Tally Hill;Triston of Tally Hill","House Sunglass;King's Men","",""
"Triston-Farwynd","Triston Farwynd","","Lord of Sealskin Point","","House Farwynd","","Ironborn"
"Triston-Sunderland","Triston Sunderland","","Lord of the Three Sisters","","House Sunderland","",""
"Trystane-Martell","Trystane Martell","","Prince","","House Martell","","Dornish"
"Tumco-Lho","Tumco Lho","","Ser","Tumco Lho;Tum","","","Ghiscari"
"Tybero-Istarion","Tybero Istarion","","","Tybero Istarion;Inkpots","Second Sons","",""
"Tybolt-Hetherspoon","Tybolt Hetherspoon","","Ser","","House Hetherspoon","",""
"Tycho-Nestoris","Tycho Nestoris","","","Tycho Nestoris;The Braavosi;","Iron Bank of Braavos","","Braavosi"
"Tyene-Sand","Tyene Sand","","","","House Martell","","Dornish"
"Tygett-Lannister","Tygett Lannister","","Ser","Tygett Lannister;Tyg","House Lannister","",""
"Tyrek-Lannister","Tyrek Lannister","","","Tyrek Lannister;&quot;Wet Nurse&quot;","House Lannister","",""
"Tyrion-Lannister","Tyrion Lannister","","Acting Hand of the King (former)Master of coin (former)Lord of Casterly Rock (claimant)","Tyrion Lannister;The Imp;Halfman;The boyman;Giant of Lannister;Lord Tywin's Doom;Lord Tywin's Bane;Yollo;Hugor Hill;No-Nose;Freak;Dwarf","House Lannister;Second Sons","",""
"Tyrion-Tanner","Tyrion Tanner","","","","House Stokeworth","",""
"Tysha","Tysha","","","Tysha;Lady Tysha of House Silverfist","","",""
"Tyta-Frey","Tyta Frey","","","Tyta Frey;Tyta the Maid","House Frey","",""
"Tytos-Blackwood","Tytos Blackwood","","Lord of Raventree Hall","","House Blackwood","",""
"Tytos-Brax","Tytos Brax","","Ser;Lord of Hornvale","","House Brax","",""
"Tytos-Lannister","Tytos Lannister","","Lord of Casterly Rock;Shield of Lannisport;Warden of the West","Tytos Lannister;The Laughing Lion;The Toothless Lion;","House Lannister","",""
"Tywin-Frey","Tywin Frey","","Ser","Tywin Frey;Ty","House Frey;House Frey of Riverrun","",""
"Tywin-Lannister","Tywin Lannister","","Lord of Casterly Rock;Shield of Lannisport;Warden of the West;Hand of the King;Savior of the City (of King's Landing)","Tywin Lannister;The Lion of Lannister;The Old Lion;The Great Lion of the Rock","House Lannister","",""
"Ulmer","Ulmer","","","Ulmer;Ulmer of the Kingswood","Kingswood Brotherhood Night's Watch","",""
"Ulwyck-Uller","Ulwyck Uller","","Ser","","House Uller","",""
"Unella","Unella","","Septa","","Faith of the Seven;Most Devout","",""
"Utherydes-Wayn","Utherydes Wayn","","Steward","","House Wayn;House Tully","",""
"Val","Val","","","Val;The wildling princess;Lady Val","","","Free folk"
"Varamyr","Varamyr","","","Varamyr;Varamyr Sixskins;Haggon;Lump","","","Free Folk"
"Varys","Varys","","Master of Whisperers;Undergaoler (as Rugen)","Varys;Lord Varys;The Spider;The Eunuch;Rugen","","",""
"Victarion-Greyjoy","Victarion Greyjoy","","Lord Captain of the Iron Fleet;Master of the Iron Victory","Victarion Greyjoy;The Iron Captain","House Greyjoy","","Ironborn"
"Visenya-Targaryen","Visenya Targaryen","","Queen;Dowager Queen","","House Targaryen","","Valyrian"
"Viserys-Plumm","Viserys Plumm","","Lord","","House Plumm","",""
"Viserys-Targaryen","Viserys Targaryen","","King of the Andals, the Rhoynar and the First Men, Lord of the Seven Kingdoms and Protector of the Realm","Viserys Targaryen;The Beggar King;Khal Rhae Mhar (The Sorefoot King)Khal Rhaggat (The Cart King)","House Targaryen","","Valyrian"
"Vortimer-Crane","Vortimer Crane","","Ser;Master-at-arms at Highgarden","","House Crane","",""
"Vylarr","Vylarr","","Captain of the guard","","House Lannister","",""
"Waif","Waif","","","Waif;The waif","Faceless Men","","Braavos"
"Walda-Frey-(daughter-of-Merrett)","Walda Frey (daughter of Merrett)","","","Walda Frey (daughter of Merrett);Fat Walda;Walda Bolton;","House Frey;House Bolton","",""
"Walder-Frey-(son-of-Jammos)","Walder Frey (son of Jammos)","","","Walder Frey (son of Jammos);Big Walder","House Frey","",""
"Walder-Frey-(son-of-Merrett)","Walder Frey (son of Merrett)","","","Walder Frey (son of Merrett);Little Walder","House Frey","",""
"Walder-Frey-(son-of-Emmon)","Walder Frey (son of Emmon)","","","Walder Frey (son of Emmon);Red Walder","House Frey of Riverrun","",""
"Walder-Frey","Walder Frey","","Lord of the Crossing","Walder Frey;The Late Lord Frey;Old Frey","House Frey","","Rivermen"
"Walder-Rivers","Walder Rivers","","Ser","Walder Rivers;Bastard Walder","House Frey","","Rivermen"
"Waldon-Wynch","Waldon Wynch","","Lord of Iron Holt","","House Wynch","","Ironborn"
"Wallace-Waynwood","Wallace Waynwood","","Ser","","House Waynwood","",""
"Walton","Walton","","","Walton;Steelshanks Walton","House Bolton","","northmen"
"Waltyr-Frey","Waltyr Frey","","","Waltyr Frey;Tyr","House Frey","",""
"Walys-Flowers","Walys Flowers","","Maester","","The Citadel;House Stark","","Reach"
"Blue-Bard","Blue Bard","","","Blue Bard;Blue Bard","House Tyrell","",""
"Wat-(Whitesmile)","Wat (Whitesmile)","","","Wat (Whitesmile);Whitesmile Wat","House Lannister","",""
"Weeper","Weeper","","","Weeper;The Weeping Man","","","Free folk"
"Wendel-Frey","Wendel Frey","","","","House Frey","",""
"Wendel-Manderly","Wendel Manderly","","Ser","","House Manderly","",""
"Wex-Pyke","Wex Pyke","","","","House Botley","","Ironborn"
"Whalen-Frey","Whalen Frey","","Ser","","House Frey","",""
"Willamen-Frey","Willamen Frey","","Maester","","","",""
"Willam-Dustin","Willam Dustin","","Lord of Barrowton","","House Dustin","","Northmen"
"Willam-Wells","Willam Wells","","Ser","","House Wells","","Dornishmen"
"Willas-Tyrell","Willas Tyrell","","","","House Tyrell","",""
"Willem-Darry","Willem Darry","","Ser Master-at-arms at the Red Keep","","House Darry;House Targaryen","",""
"Willem-Frey","Willem Frey","","","","House Frey;House Frey of Riverrun","",""
"Willem-Lannister","Willem Lannister","","","","House Lannister","",""
"William-Mooton","William Mooton","","Lord of Maidenpool","","House Mooton","","Rivermen"
"Willow-Witch-eye","Willow Witch-eye","","","Willow Witch-eye;Willow Witch-eye","","","Free Folk"
"Wulfe","Wulfe","","","Wulfe;Wulfe One-Ear","House Greyjoy","","Ironborn"
"Wun-Weg-Wun-Dar-Wun","Wun Weg Wun Dar Wun","","","Wun Weg Wun Dar Wun;Wun Wun","","",""
"Wylis-Manderly","Wylis Manderly","","Ser","","House Manderly","",""
"Wylla-Manderly","Wylla Manderly","","","","House Manderly","",""
"Wyman-Manderly","Wyman Manderly","","Lord of White Harbor;Warden of the White Knife;Shield of the Faith;Defender of the Dispossessed;Lord Marshal of the Mander;Knight of the Order of the Green Hand","Wyman Manderly;Lord Lamprey;Lord Too-Fat-to-Sit-a-Horse;Lord Pig;Lord Lard","House Manderly","",""
"Wynafryd-Manderly","Wynafryd Manderly","","","","House Manderly","",""
"Xaro-Xhoan-Daxos","Xaro Xhoan Daxos","","","","the Thirteen","","Qartheen"
"Yandry","Yandry","","","","House Targaryen","",""
"Yellow-Dick","Yellow Dick","","","Yellow Dick;Yellow Dick","House Bolton","","Westeros"
"Ygon-Oldfather","Ygon Oldfather","","","Ygon Oldfather;Ygon Oldfather","","","Free Folk"
"Ygritte","Ygritte","","","","Mance Rayder","","Wildling"
"Yohn-Royce","Yohn Royce","","Lord of Runestone","Yohn Royce;Bronze Yohn","House Royce;Lords Declarant","","Valemen"
"Ysilla","Ysilla","","","","","",""
"Ysilla-Royce","Ysilla Royce","","","","House Royce;House Redfort","","Valemen"
"Zekko","Zekko","","Khal","","","","Dothraki"
"Zharaq-zo-Loraq","Zharaq zo Loraq","","","Zharaq zo Loraq;The Liberator","House of Loraq","","Ghiscari"
